cliente_id,nome,email,data_cadastro,cidade,estado,grupo
12414,Pedro Lucas Almeida,pintogabriela@example.net,2022-09-17,Maranhao,SE,A
77301,João Miguel Jesus,stephany90@example.com,2021-11-17,Rio,AL,A
40685,Antônio Viana,lda-cunha@example.com,2021-11-18,Maranhão,RS,C
27481,Ana Luiza da Conceição,cardosomaria-julia@example.net,2024-06-11,Sao Paulo,DF,C
47354,Arthur Gomes,luiz-otaviocampos@example.com,2021-08-12,Goiania,MG,C
96674,Noah Moreira,da-matafelipe@example.org,2023-05-09,São Paulo,AP,A
95347,Matheus Porto,luigiramos@example.org,2024-07-25,Sao Paulo,PB,C
99180,Raul Rocha,zsouza@example.net,2024-12-08,sao Paulo,PR,A
89472,Ana Laura Gonçalves,gustavo35@example.net,2021-09-12,sao Paulo,AL,C
73075,Bianca Aragão,yazevedo@example.org,2021-07-13,Goiania,MG,A
35500,Kaique Rocha,fernandafreitas@example.com,2025-01-06,Maranhão,SP,B
59157,Clarice Pinto,mmoreira@example.com,2024-07-24,Goiânia,MA,C
78695,Ian Rocha,ofernandes@example.net,2021-05-22,Maranhão,AM,A
49725,Stephany Sales,fernandocaldeira@example.org,2022-11-13,Curitiba,PR,C
96694,Pietro Alves,igorda-rosa@example.com,2021-10-25,São Paulo,SP,B
41781,Rodrigo Moraes,nogueiraleticia@example.org,2025-03-19,Curitiba,AL,B
16103,Vitor Gabriel da Paz,gustavo42@example.net,2023-12-04,Goiânia,MA,B
54520,Pietra Pinto,waraujo@example.org,2023-06-09,Rio de Janeiro,ES,C
58251,Rafaela Cardoso,nunesdiego@example.com,2022-03-07,Sao Paulo,DF,B
99495,Carolina Nunes,eduardo90@example.net,2023-02-11,sao Paulo,ES,A
66383,Clara Lima,toliveira@example.org,2024-05-13,Curitiba,AC,A
74105,Rebeca Barros,maria-claraalves@example.com,2024-03-12,sao Paulo,TO,B
87651,Marcela Silveira,joao-guilhermesantos@example.net,2023-06-20,Sao Paulo,RR,C
27294,Sr. Ryan da Rosa,halves@example.net,2024-08-18,Sao Paulo,AC,B
69546,João Gomes,da-conceicaofernando@example.org,2023-10-12,Rio,GO,B
80959,Maria Vitória Viana,gustavo-henrique26@example.org,2022-12-14,Maranhao,RO,C
20713,Carolina Oliveira,qcastro@example.com,2024-12-29,São Paulo,MS,A
53635,Diogo Porto,araujojoao-miguel@example.org,2025-01-31,Maranhão,PA,C
23863,Levi Souza,ana-laurafreitas@example.net,2024-11-25,Maranhao,MG,A
37986,João Gabriel Carvalho,cardosodaniela@example.org,2020-08-04,Rio de Janeiro,RR,A
53284,Dra. Ana Luiza Pereira,ana-laura35@example.org,2023-09-13,Maranhão,MG,A
73038,Sr. João Guilherme Nascimento,fogacacaue@example.org,2020-11-09,Belo Horizonte,MA,B
52884,Noah Moraes,camposcalebe@example.com,2025-05-01,sao Paulo,RJ,C
24243,Rafaela Dias,bryan93@example.com,2024-07-03,Rio,PR,B
85932,Otávio da Cunha,maria-sophia00@example.com,2025-01-07,São Paulo,RJ,C
10224,João Felipe Pires,marcos-vinicius18@example.net,2022-03-06,Sao Paulo,ES,A
13470,Vicente Ferreira,xmelo@example.org,2024-09-01,São Paulo,AL,B
73667,Renan Peixoto,maria69@example.com,2025-05-30,Maranhão,PB,C
39388,Luiz Felipe Correia,otavio46@example.com,2024-05-30,Maranhão,ES,B
12289,Daniela Azevedo,evelyn32@example.org,2023-09-08,sao Paulo,AL,B
81850,Rodrigo Aragão,das-nevesmarcela@example.net,2020-11-19,sao Paulo,TO,C
97281,Ana Júlia Costa,vitor-hugopeixoto@example.net,2022-05-29,São Paulo,RO,B
68058,Alice Ribeiro,catarina26@example.com,2024-05-21,sao Paulo,BA,B
10484,Kaique Santos,rcavalcanti@example.net,2023-04-16,sao Paulo,GO,B
72176,Isabelly Silva,almeidaheloisa@example.org,2023-09-02,Rio,AM,B
95951,Cauê da Mota,kevin28@example.net,2024-05-28,Maranhao,PR,A
96559,Julia Carvalho,da-cunhacarlos-eduardo@example.org,2024-06-03,sao Paulo,AC,B
78951,Dra. Maria Luiza da Cunha,pietro53@example.net,2023-11-15,Belo Horizonte,MA,B
51916,Beatriz Silveira,vmoreira@example.net,2022-10-10,Rio,RR,C
38021,Kaique Duarte,nathansouza@example.net,2022-08-19,sao Paulo,PI,C
97522,Davi Luiz Vieira,thomasnunes@example.net,2024-04-21,Goiania,MS,C
13241,Raquel Cunha,fernandescatarina@example.org,2023-06-14,Maranhão,SC,A
50001,Maria Cecília Teixeira,ribeiromaria-eduarda@example.org,2024-12-22,São Paulo,MA,B
23431,Ana Cunha,maria-luizacardoso@example.com,2022-06-08,Goiânia,TO,B
33976,Isadora Moraes,julia93@example.com,2023-10-23,Goiânia,DF,A
40607,Pietro Freitas,nogueirasarah@example.org,2023-08-03,Belo Horizonte,RJ,B
66730,Dra. Maysa Rodrigues,qdas-neves@example.org,2021-03-07,São Paulo,MG,A
26983,Luigi da Paz,melissa71@example.org,2023-03-26,Goiania,PB,A
94424,Miguel da Costa,sofiapires@example.org,2021-05-18,Maranhão,MG,C
44602,Alice Ramos,davi-luiz58@example.net,2021-07-20,Sao Paulo,AL,A
88503,Ana Sophia Caldeira,jda-cunha@example.net,2025-01-24,Belo Horizonte,SE,B
37356,Antônio Teixeira,jazevedo@example.org,2022-04-15,Curitiba,MT,A
25875,Ana Vitória Azevedo,castroraquel@example.net,2020-12-31,sao Paulo,RN,A
78527,Lívia Correia,erocha@example.org,2021-11-24,São Paulo,SE,C
40306,Sra. Maria Sophia Almeida,lorenanascimento@example.net,2024-02-14,Rio,DF,A
65902,Sofia Correia,fernandada-rosa@example.org,2023-01-23,Maranhao,DF,B
64400,Alexandre Gomes,pda-rosa@example.net,2022-04-05,Maranhão,PI,B
61885,Arthur Alves,fogacaanthony@example.com,2023-09-04,São Paulo,MT,C
66930,Dr. Calebe Pinto,wgoncalves@example.com,2020-10-01,Sao Paulo,SC,C
29589,Clarice Monteiro,freitasraul@example.net,2021-12-19,sao Paulo,BA,A
87563,Yasmin Freitas,mariarezende@example.com,2021-04-18,Belo Horizonte,AM,A
30381,João Guilherme Campos,jazevedo@example.net,2021-07-06,Goiânia,SC,A
13534,Dr. Henrique Teixeira,fariaslorena@example.net,2021-06-15,São Paulo,PR,B
92108,Ana Beatriz Melo,dcosta@example.org,2023-05-22,sao Paulo,PR,C
32273,Ana Lívia Farias,luiz-henriquemelo@example.com,2022-12-22,Rio de Janeiro,TO,C
43143,Marina Pinto,ysantos@example.org,2022-02-18,Goiania,ES,A
42285,João Gabriel Pereira,teixeiravitor@example.net,2022-11-29,sao Paulo,MG,A
22909,Pietra Barros,otavio08@example.com,2022-01-12,Belo Horizonte,PR,C
88501,Benício Pires,mendesjoao-guilherme@example.com,2022-06-06,Belo Horizonte,SE,B
30854,João Vitor Vieira,mouralivia@example.org,2021-05-19,sao Paulo,MA,B
52725,Luiz Fernando Duarte,clararibeiro@example.org,2020-12-25,Maranhão,MG,C
47664,João Miguel Cunha,qgomes@example.net,2024-07-27,Goiânia,AC,C
48691,Sra. Isabel Rocha,ypereira@example.org,2021-11-12,sao Paulo,AL,C
92918,Lara Correia,emanuelnogueira@example.org,2021-03-06,Maranhão,SE,A
80000,Manuela Pires,brendacunha@example.org,2020-10-23,sao Paulo,ES,C
68891,Lorena Aragão,carlos-eduardorodrigues@example.net,2025-01-20,Rio de Janeiro,SC,C
79648,Pedro Henrique Pereira,lopesmaysa@example.org,2025-01-17,Rio de Janeiro,AP,C
65235,Pedro Miguel Souza,vferreira@example.org,2023-09-20,São Paulo,AP,C
70282,Kamilly Gomes,sda-costa@example.net,2022-05-15,Goiânia,GO,C
49170,Ana Carolina Cavalcanti,cviana@example.com,2022-09-20,Belo Horizonte,PI,A
83411,Catarina Campos,salesnathan@example.net,2022-03-17,sao Paulo,MS,A
57698,Dr. João Lucas Almeida,gfogaca@example.com,2021-05-07,Belo Horizonte,ES,A
94130,Sra. Ana Clara da Cruz,ramosesther@example.net,2024-02-07,Maranhão,MA,A
43794,Ana Sophia Rezende,gmonteiro@example.com,2023-02-08,Sao Paulo,GO,C
65803,Evelyn Moreira,diegovieira@example.com,2023-03-21,Belo Horizonte,GO,C
61968,Vinicius Peixoto,ferreiranoah@example.com,2024-01-03,Maranhão,MG,C
71046,Marcelo Monteiro,pmoreira@example.com,2022-04-25,Maranhao,SC,A
65121,Pedro Lucas Nogueira,maria-vitoriadias@example.com,2022-02-13,Curitiba,AL,C
96825,Rodrigo Moreira,marcelocampos@example.org,2021-01-18,Belo Horizonte,MS,A
77201,Yuri Aragão,clarice03@example.net,2021-09-04,Rio,MS,A
26265,Larissa Dias,luizasilva@example.org,2021-02-17,Belo Horizonte,AP,B
36220,Enrico Costa,silveiradavi-lucas@example.org,2023-12-21,Goiânia,TO,B
41803,Sra. Joana Moraes,nathanoliveira@example.net,2021-02-17,sao Paulo,PR,A
88738,João Melo,moraesmarcela@example.net,2024-04-03,Rio de Janeiro,GO,A
95883,Caroline Aragão,freitaspedro-henrique@example.com,2025-02-10,São Paulo,AM,B
98269,Ian Monteiro,ana-juliacostela@example.net,2024-06-11,Belo Horizonte,AM,B
82550,Maria Clara Silveira,sophia88@example.com,2024-07-11,São Paulo,SC,C
32818,Maria Cecília Alves,caioferreira@example.com,2022-09-07,Sao Paulo,AC,B
45965,Amanda Viana,pintoemilly@example.org,2024-04-26,São Paulo,SE,B
52678,Gabrielly Souza,lara42@example.org,2024-12-19,Sao Paulo,AM,A
44887,Dra. Pietra Nogueira,eduarda10@example.com,2023-12-04,Maranhao,RN,B
89266,Leonardo Teixeira,lucascarvalho@example.com,2023-02-16,Belo Horizonte,GO,A
82433,Srta. Sophia Costela,cunhamirella@example.org,2024-09-15,sao Paulo,PA,B
66382,Sr. Luiz Otávio Pereira,anada-cruz@example.com,2023-01-27,Sao Paulo,PE,C
95792,Joana Monteiro,fcardoso@example.net,2024-10-15,Sao Paulo,DF,A
48726,Leonardo Rezende,beatriz24@example.com,2023-03-24,Sao Paulo,PI,B
47778,Ana Julia da Luz,pedro-henriqueazevedo@example.net,2025-05-13,Belo Horizonte,RR,B
32389,Carolina Monteiro,da-costadiogo@example.net,2021-08-03,Sao Paulo,SP,A
29396,Nathan da Conceição,fsilva@example.org,2023-08-02,Maranhão,PE,A
55948,Stella Aragão,xpinto@example.net,2024-02-09,sao Paulo,RS,B
34786,Marcela da Costa,qbarbosa@example.org,2023-03-18,Rio de Janeiro,ES,B
39353,Sra. Valentina Ramos,raul73@example.org,2022-05-24,sao Paulo,PA,A
33261,Dra. Rebeca Freitas,eduardosouza@example.com,2023-05-23,Belo Horizonte,RN,B
49807,Luiz Miguel Cardoso,peixotoluiz-miguel@example.com,2024-04-30,Maranhão,RR,B
52075,Carolina Aragão,mda-rosa@example.com,2024-07-20,Maranhao,BA,A
78406,Antônio Gonçalves,ana-carolina59@example.com,2023-06-16,Rio,RR,C
47961,Thomas Pinto,rochajulia@example.org,2022-06-06,sao Paulo,PE,C
10473,Daniel Dias,gnogueira@example.com,2025-06-28,Goiania,PR,C
96235,Camila Carvalho,jesusdiogo@example.net,2022-07-06,Rio de Janeiro,PI,B
81470,Fernando Rezende,martinsbarbara@example.com,2021-08-13,sao Paulo,BA,C
10287,Maria Eduarda Moreira,avieira@example.net,2021-08-23,sao Paulo,ES,C
29861,Dr. Nicolas Viana,da-luzcalebe@example.net,2022-07-31,Maranhao,PA,C
73225,Paulo Rocha,fogacagabriel@example.com,2024-12-18,Maranhao,SE,B
72806,Benício da Rocha,renan10@example.com,2023-08-19,Maranhao,MA,A
20400,João Gabriel Rezende,mmartins@example.net,2021-05-25,Maranhao,AM,B
74025,Alana Mendes,joao-guilhermeda-mota@example.com,2022-03-27,Sao Paulo,TO,B
41742,Ana Laura Monteiro,kevinalmeida@example.net,2020-12-13,Curitiba,CE,A
31293,Eduardo Vieira,brunaramos@example.com,2024-06-03,sao Paulo,MS,B
62234,Alexandre da Cunha,wcastro@example.org,2022-08-21,Goiânia,TO,B
54932,Luiz Otávio Barros,mendesana-vitoria@example.net,2024-12-31,sao Paulo,BA,C
72965,Lorenzo Nunes,luiz-miguelsales@example.org,2024-08-07,Curitiba,AM,A
95431,Nina Santos,diegomendes@example.org,2025-06-28,sao Paulo,PI,B
28344,Lucas Pinto,joao-miguelcavalcanti@example.org,2020-12-16,Goiânia,SP,C
43768,Giovanna Azevedo,umelo@example.org,2024-10-04,sao Paulo,DF,B
31168,João da Cruz,theo45@example.org,2022-08-07,Sao Paulo,GO,B
14362,Alexia Porto,murilo84@example.org,2020-08-14,Maranhao,SE,B
29803,Sophia da Costa,bianca19@example.com,2021-10-03,sao Paulo,RJ,C
36264,Gustavo Henrique Campos,salessabrina@example.net,2023-10-23,Rio,MA,C
76176,Daniela Gomes,pietro55@example.net,2020-10-22,sao Paulo,AP,B
76232,Vinicius Azevedo,amanda61@example.net,2021-04-03,Maranhão,MT,B
42958,André Souza,almeidarenan@example.net,2023-05-17,Rio,SC,B
69481,Maria Fernanda Barbosa,emanuelfarias@example.net,2024-04-06,Sao Paulo,PR,A
60176,Ryan da Conceição,csantos@example.com,2023-07-03,sao Paulo,PI,A
81960,Emilly Alves,marcos-viniciusaraujo@example.com,2023-12-20,sao Paulo,RO,A
71083,Natália Correia,wteixeira@example.com,2024-07-29,Maranhao,DF,A
77077,Luiz Miguel Moura,maria-clara56@example.com,2020-11-12,sao Paulo,TO,B
97447,Guilherme Nogueira,costadavi-lucas@example.net,2021-05-07,Goiânia,SE,A
10689,Kevin Mendes,wduarte@example.org,2020-09-07,Sao Paulo,CE,B
62829,João Vitor Fernandes,igorpeixoto@example.net,2025-03-10,Maranhao,CE,A
11119,Stephany da Rosa,aliciada-mata@example.com,2023-02-02,Maranhao,PA,A
76143,Calebe Costela,rafaela48@example.net,2021-12-06,Rio de Janeiro,CE,B
80557,Enzo Gabriel Fogaça,lucasjesus@example.net,2024-03-10,Belo Horizonte,MT,A
27787,Vitória da Conceição,anamendes@example.org,2022-07-07,Maranhao,GO,A
29660,Srta. Mariana Rodrigues,acarvalho@example.org,2024-07-09,Rio,GO,B
26656,Gabriela Cavalcanti,vsilva@example.net,2023-11-22,Goiania,ES,B
83095,Thales Correia,diasmarina@example.com,2024-06-08,sao Paulo,ES,C
42643,Dr. Pedro Henrique Pereira,milena81@example.net,2023-12-17,Rio,DF,B
48457,Alícia Costela,alexandreoliveira@example.org,2025-06-06,Goiania,RN,B
27979,Bernardo Pinto,kaique69@example.com,2024-03-30,Rio,RJ,A
29000,Samuel Caldeira,ana-laura08@example.net,2020-12-10,Rio de Janeiro,CE,C
30390,Ana Carolina Moura,yurilopes@example.com,2025-01-07,Rio de Janeiro,RS,A
20626,Sr. Benício Azevedo,joao-pedro17@example.com,2022-02-07,Maranhao,CE,C
39698,Lara Azevedo,ana-juliada-cunha@example.net,2022-11-01,Goiânia,RS,A
65184,Lucca Alves,luiz-henriquefreitas@example.net,2024-03-12,sao Paulo,AP,C
81143,Alice Ramos,rochaerick@example.net,2021-11-19,Maranhão,PR,B
33314,Lucas Rezende,cavalcantiheloisa@example.org,2021-07-03,Maranhão,AL,A
82451,Pietro Vieira,cunhacatarina@example.org,2020-11-08,Belo Horizonte,PE,A
85603,Laís da Cruz,rodrigo96@example.org,2023-06-03,Rio,MT,B
65015,Isaac da Rosa,aragaogabriel@example.com,2022-06-27,sao Paulo,MA,C
20417,Bárbara Teixeira,da-conceicaofrancisco@example.net,2025-05-12,Goiania,PR,A
91582,Laura Ribeiro,ncavalcanti@example.com,2021-11-04,Maranhão,PE,B
72076,Pedro Lucas Duarte,aduarte@example.net,2021-02-14,Goiânia,DF,C
20054,Luiz Otávio das Neves,danielpinto@example.net,2020-10-16,Goiânia,TO,A
89657,Isabelly Caldeira,melissa45@example.org,2022-08-15,Curitiba,MA,C
74893,Davi Luiz Gomes,mendesvicente@example.net,2024-03-26,sao Paulo,AL,A
92100,Erick Freitas,sophia46@example.com,2024-08-27,Sao Paulo,AC,B
53077,Yasmin Moura,juan46@example.com,2021-06-09,sao Paulo,SP,C
73931,Natália Campos,ramosmaria-vitoria@example.com,2025-03-11,Sao Paulo,AC,C
71207,Anthony Nunes,nicolas47@example.net,2021-06-03,Rio de Janeiro,PA,A
15381,Erick Cavalcanti,peixotoana@example.net,2023-10-07,sao Paulo,SC,A
56942,Maysa das Neves,oliveiraagatha@example.com,2022-09-22,sao Paulo,BA,A
35827,Alana Cardoso,costelaryan@example.org,2025-07-06,Rio,RJ,C
84347,Enzo Gabriel Nogueira,cardosofernando@example.com,2022-08-09,Goiania,RJ,B
11747,Natália Peixoto,lmonteiro@example.com,2020-10-27,Rio de Janeiro,AC,B
24257,Juliana Pinto,nicole87@example.com,2020-08-26,Sao Paulo,RR,C
30818,Paulo da Cruz,biancasilva@example.net,2024-02-20,Goiania,AC,C
85957,Sr. Luiz Gustavo Gonçalves,levida-luz@example.net,2023-07-12,sao Paulo,RR,A
78391,Sra. Carolina Cardoso,maysa97@example.net,2023-03-17,sao Paulo,SC,A
13114,Nathan Costela,qnunes@example.com,2022-01-20,Belo Horizonte,PE,C
51216,Maria Julia Azevedo,vieiraleandro@example.com,2021-08-08,sao Paulo,AL,A
55750,Gustavo Vieira,cunhaemanuel@example.org,2021-11-24,Goiania,CE,B
88991,Ana Beatriz Rocha,jvieira@example.org,2024-12-16,Sao Paulo,PA,A
96116,Ana Sophia Gomes,da-luzluigi@example.net,2022-07-03,Sao Paulo,MA,B
96598,Juan Vieira,fernandavieira@example.com,2023-08-28,Rio de Janeiro,SC,B
29079,Sra. Sophie Porto,leticiada-mota@example.org,2024-11-21,Belo Horizonte,AL,C
67919,Stephany Ferreira,plopes@example.net,2024-05-31,Rio,PA,C
39400,Davi Lucca Nascimento,ipires@example.net,2020-10-20,sao Paulo,SP,A
42635,Ryan Lima,amandajesus@example.org,2025-05-05,Belo Horizonte,AP,B
14013,Ian da Rosa,silveiraelisa@example.com,2023-10-28,Goiânia,GO,A
16179,Sr. Heitor Carvalho,rafaelarezende@example.org,2024-01-20,Maranhao,CE,B
29371,Daniel Melo,renanmoura@example.org,2025-04-14,Belo Horizonte,MA,A
85278,Raul Silveira,caio50@example.com,2020-12-01,sao Paulo,MT,A
83712,Dr. Joaquim Rodrigues,igorazevedo@example.com,2022-03-14,Maranhao,RS,A
87580,Benjamin Santos,rebecapereira@example.org,2024-03-28,Goiania,CE,A
54619,Felipe Monteiro,ana-julia77@example.org,2022-02-22,Rio de Janeiro,RO,C
81592,Pedro Henrique da Rosa,thalespeixoto@example.org,2020-09-11,Maranhao,PE,A
50816,João Pedro Farias,jrezende@example.org,2024-03-12,Belo Horizonte,MA,C
87753,Julia Monteiro,sofia95@example.com,2025-05-11,Rio de Janeiro,PA,C
75928,Dr. Thiago Silva,da-cruznatalia@example.org,2022-08-22,Sao Paulo,MG,B
79354,Thomas da Paz,fernandoda-conceicao@example.net,2024-05-03,Rio de Janeiro,AL,A
70734,João Pedro Viana,viananoah@example.net,2021-03-08,sao Paulo,RN,C
61689,Sra. Clara Santos,luiz-miguel07@example.org,2022-04-03,Belo Horizonte,PI,C
66958,João Gabriel Melo,aalves@example.net,2022-06-01,Sao Paulo,BA,B
64251,Natália Dias,gomescarlos-eduardo@example.com,2022-05-04,Rio,RR,C
72741,Melissa Oliveira,camiladias@example.com,2025-02-03,Goiania,GO,B
68413,Dra. Cecília Nogueira,joao-pedronunes@example.com,2022-05-20,Curitiba,MT,A
22174,Matheus das Neves,sophie09@example.com,2024-02-17,Belo Horizonte,MS,B
75095,Bryan Costela,lais83@example.org,2024-02-14,Goiania,PA,C
82286,Maria Vitória Teixeira,joao-felipe43@example.net,2022-03-21,Sao Paulo,SP,B
61863,Maria Fernanda Fogaça,brunamelo@example.com,2023-01-29,sao Paulo,RN,C
41010,Pedro Lopes,ana-vitoria22@example.com,2024-12-04,Rio,GO,B
36921,João Lucas Melo,luiz-miguel79@example.org,2023-01-30,Rio de Janeiro,ES,C
67790,Alice da Paz,valentinada-cunha@example.com,2024-01-10,Rio de Janeiro,RJ,B
31667,Sr. Caio da Rocha,theo23@example.org,2022-10-23,Maranhão,MA,B
14110,Cauê Ramos,mmoura@example.net,2022-08-15,Maranhão,TO,B
50424,Sra. Rebeca Dias,isabella54@example.net,2022-11-14,sao Paulo,BA,B
63474,Raul Oliveira,ymoreira@example.net,2023-04-29,Maranhao,DF,A
37815,Cauê da Cunha,emanuellyfarias@example.net,2024-08-28,Maranhão,ES,B
14439,Thomas Nascimento,inogueira@example.net,2023-02-25,Rio,SE,C
15637,Marcos Vinicius Pires,rezendevalentina@example.com,2024-04-15,Sao Paulo,PA,A
80542,Diogo Ramos,zalves@example.org,2020-10-27,Maranhão,RS,C
37263,Leandro Pereira,erick50@example.com,2024-03-27,sao Paulo,AC,A
19569,Pedro Henrique Costa,tcarvalho@example.com,2025-03-11,Sao Paulo,GO,C
99358,Sra. Amanda Cardoso,araujothales@example.org,2024-04-25,sao Paulo,RN,B
85540,Diego Campos,franciscopires@example.net,2022-10-29,Maranhão,RN,A
85571,Felipe Alves,diogo25@example.org,2022-09-30,Rio de Janeiro,RS,A
75861,Mirella Martins,camila48@example.org,2022-04-14,Sao Paulo,RS,A
92372,Sra. Clarice Nogueira,leandroda-rosa@example.org,2020-10-29,Goiânia,AP,A
29734,Lorenzo Martins,monteiropaulo@example.org,2023-05-26,Curitiba,RO,A
34540,Benjamin Pires,maria-eduardaribeiro@example.org,2023-01-24,Goiânia,RR,B
27809,Sr. Levi Azevedo,mda-mota@example.net,2021-09-22,Belo Horizonte,AP,A
46193,Kevin Jesus,carolina22@example.org,2025-02-23,sao Paulo,SE,C
11610,Maria Eduarda Rezende,costaana-laura@example.org,2023-02-06,Maranhão,SE,B
71628,Fernanda Caldeira,maria-sophia54@example.net,2021-06-15,Curitiba,RS,B
56387,Vicente Gomes,kalves@example.org,2021-11-22,sao Paulo,RN,C
54164,Anthony Viana,heloisacarvalho@example.net,2022-10-31,Sao Paulo,RN,C
34278,Luiz Felipe Rezende,fdias@example.com,2021-11-05,Goiania,MS,A
90435,Daniela das Neves,pda-luz@example.org,2024-10-02,Belo Horizonte,PR,B
51455,Lucas da Mata,rodriguesluiza@example.net,2021-07-10,Belo Horizonte,PR,C
37487,Maria Gomes,ian80@example.org,2023-11-06,Rio,RS,C
62802,Otávio da Paz,zmendes@example.org,2020-11-19,Belo Horizonte,PA,C
41786,Davi Luiz Cardoso,bnovaes@example.net,2022-08-02,Rio,MG,B
49974,Lorenzo Moura,lorena30@example.org,2021-01-01,Curitiba,PB,C
75924,Erick Lopes,umoraes@example.org,2022-03-07,Goiânia,ES,A
36051,Helena Sales,gabrielmoreira@example.net,2020-08-18,Curitiba,SP,B
77160,Pietra Duarte,mouraheloisa@example.org,2023-03-20,Rio de Janeiro,SP,A
12439,Eduardo Barros,costelaemanuel@example.net,2022-06-07,Belo Horizonte,AL,C
47619,Pietra Costa,dribeiro@example.com,2020-12-22,sao Paulo,PI,A
89900,Alexandre Farias,otavio05@example.net,2023-08-29,São Paulo,TO,B
64786,Nicolas Nunes,idias@example.org,2025-01-20,Belo Horizonte,SE,A
13031,Otávio Moreira,maria-ceciliaalves@example.com,2020-08-27,Goiania,MA,B
82406,Luiz Gustavo Barros,rezendeleonardo@example.net,2021-01-23,Goiania,CE,A
63603,Laís Gonçalves,lucca78@example.com,2021-08-14,Sao Paulo,PB,A
54924,Luiz Gustavo Moraes,ferreiralara@example.org,2022-10-27,Curitiba,ES,B
88982,Ana Carolina da Mota,eloahferreira@example.org,2022-02-04,Rio de Janeiro,PI,C
94249,Matheus Pires,silvamaria-eduarda@example.net,2023-02-04,Sao Paulo,RR,C
15626,Srta. Alícia da Luz,portoyago@example.com,2022-11-02,Goiânia,PB,C
79999,João Lucas Moura,bruna55@example.com,2025-03-15,sao Paulo,RJ,C
50044,Larissa Teixeira,vitoriacavalcanti@example.org,2025-07-22,Rio de Janeiro,MG,B
28771,Srta. Juliana da Paz,maria-alice15@example.net,2021-04-13,Rio,PA,C
69739,Ana Beatriz Correia,cgoncalves@example.org,2024-01-28,São Paulo,GO,A
44936,Sra. Julia das Neves,alexandremoraes@example.com,2025-04-13,sao Paulo,AL,B
94310,Ana Vitória Pinto,wdas-neves@example.org,2020-08-04,Sao Paulo,TO,B
78201,Vitor Gabriel da Cunha,gpinto@example.org,2021-01-30,Rio,MS,C
61893,Juan Nunes,ana-luizacastro@example.org,2024-01-21,Sao Paulo,AP,C
88902,Dr. Luiz Felipe Araújo,nogueiraana-julia@example.com,2022-03-09,São Paulo,AC,C
55376,Beatriz Ferreira,correiafrancisco@example.net,2022-12-26,Maranhão,AM,B
30085,Maria Clara Souza,isis65@example.org,2022-12-30,Maranhao,BA,A
39354,Julia Caldeira,amoraes@example.org,2025-05-08,sao Paulo,RN,C
79215,Lavínia Campos,danielaalves@example.org,2023-02-25,sao Paulo,MS,B
60328,Dra. Isabelly Teixeira,wpereira@example.org,2022-08-01,sao Paulo,RJ,A
95973,Dr. João Vitor da Cunha,leonardo20@example.org,2022-03-05,São Paulo,DF,A
23121,Marcelo Moreira,da-rosakaique@example.com,2024-07-31,sao Paulo,MS,C
82073,Emilly Peixoto,isabella10@example.org,2023-03-14,Sao Paulo,PE,A
81389,Carlos Eduardo Dias,ana-julia47@example.org,2024-04-16,Rio de Janeiro,ES,B
90611,Cauã da Rocha,novaesfernanda@example.com,2023-02-08,sao Paulo,DF,C
14479,Ana Carolina da Cunha,juliaalves@example.com,2023-05-17,Maranhao,RN,A
20552,Lara Freitas,hda-mata@example.org,2022-11-14,sao Paulo,ES,A
11605,Eduardo Silva,sophiada-paz@example.net,2021-01-04,Goiania,MA,B
98153,Sr. Pietro Teixeira,freitasalexandre@example.com,2024-02-09,Maranhao,PA,A
95494,Benício Azevedo,zaragao@example.net,2024-10-17,Belo Horizonte,AM,A
20832,Heloísa Silveira,cardosojoao@example.net,2023-02-18,Belo Horizonte,SC,A
81678,Ana Lívia Monteiro,isis18@example.com,2024-10-14,Curitiba,AL,B
80708,Marina Alves,da-rochaluana@example.net,2025-05-20,Sao Paulo,BA,B
35177,Juliana Nascimento,cecilia03@example.org,2025-01-11,Goiania,AC,B
56803,Daniela Ribeiro,camilarezende@example.com,2021-05-22,Sao Paulo,GO,C
56080,Catarina Rezende,da-cunhamariane@example.com,2025-01-01,sao Paulo,RR,A
32907,Dra. Laura Pinto,mendesmaria-sophia@example.com,2020-10-08,Curitiba,AP,B
44464,Maria Azevedo,costaian@example.net,2022-10-20,sao Paulo,PR,B
36869,Dr. Vitor Ferreira,isabelly76@example.net,2024-10-06,Sao Paulo,RR,C
22464,Sr. Theo Correia,helena97@example.com,2020-10-25,Curitiba,TO,A
98588,Isadora Almeida,da-motamaysa@example.net,2023-02-27,Rio de Janeiro,MT,C
92154,João Miguel Gomes,melolorenzo@example.com,2024-12-19,Rio,MG,B
17479,Fernando Rodrigues,evelyn50@example.org,2023-12-19,sao Paulo,SC,A
66330,Levi Aragão,bruno28@example.net,2024-09-12,sao Paulo,BA,A
63947,Rafaela Novaes,erickrezende@example.com,2025-02-20,sao Paulo,PE,C
19669,Larissa Ferreira,silveiraluiz-gustavo@example.com,2023-03-27,Maranhao,MS,C
35476,Miguel Duarte,agathadias@example.net,2025-01-28,Maranhao,SP,B
82780,Srta. Maria Luiza Campos,portomiguel@example.net,2023-03-25,Maranhao,AM,C
10354,Pietro Nunes,souzadaniel@example.net,2022-04-24,Maranhão,PE,C
39726,Sr. Renan Lima,bruno64@example.org,2023-07-31,Belo Horizonte,CE,A
68027,Thiago Souza,alexandrerodrigues@example.net,2023-07-12,sao Paulo,PR,C
17563,Carolina Farias,franciscocarvalho@example.com,2025-05-28,Curitiba,AP,C
59574,Dra. Nina Porto,enzo15@example.com,2021-07-19,Goiania,SP,C
73257,João Felipe Viana,silvacaue@example.com,2023-04-27,Sao Paulo,RS,C
40085,Vitor Viana,gustavo60@example.com,2025-07-18,Curitiba,ES,C
44273,Srta. Heloísa Rodrigues,caio17@example.net,2022-02-25,Goiânia,PE,C
70525,Renan Azevedo,ipereira@example.net,2022-11-25,sao Paulo,AL,A
90874,Kevin da Cruz,carolina21@example.com,2021-03-28,Rio de Janeiro,AM,B
47592,Ana Vitória Rocha,hda-costa@example.com,2024-01-15,Maranhao,SE,C
45796,Yago das Neves,isis56@example.net,2024-08-10,Rio,RS,A
59391,Vinicius Moreira,elisa11@example.com,2022-05-27,sao Paulo,BA,A
78086,Davi Luiz Martins,rda-rocha@example.org,2022-10-09,Rio,PI,A
52390,João Felipe Silveira,santosdavi-lucca@example.com,2023-10-12,Sao Paulo,MT,A
71056,Davi Luiz Almeida,breno80@example.net,2025-04-05,Maranhao,AM,C
14379,Alexia da Mata,lorenzo89@example.org,2020-11-08,Sao Paulo,AP,A
95638,Isis Nunes,fernanda79@example.net,2023-05-25,Rio,MA,A
70164,Matheus da Rocha,cardosobernardo@example.org,2021-05-07,Goiânia,TO,C
61453,Srta. Ana Duarte,peixotobeatriz@example.org,2022-10-06,Rio,PE,A
62542,Lorenzo da Conceição,ada-mota@example.org,2024-03-06,sao Paulo,ES,B
47701,Maria Cecília Sales,lopesana-julia@example.org,2024-04-08,Rio,SC,B
19595,Dr. Bernardo Castro,zda-conceicao@example.com,2024-10-09,São Paulo,GO,A
89198,Erick Dias,stellarezende@example.org,2023-01-28,Sao Paulo,RJ,B
62413,Rafaela Silveira,teixeiranicolas@example.org,2024-06-23,Curitiba,MT,B
14525,Manuela Aragão,stephanyda-cruz@example.com,2020-10-22,São Paulo,RJ,B
40546,Fernando Ribeiro,maria-clarada-cunha@example.org,2022-09-13,Curitiba,CE,A
77562,Diogo da Conceição,sarah80@example.org,2022-09-02,São Paulo,DF,C
48919,Bianca Aragão,mariaporto@example.org,2021-11-07,sao Paulo,CE,C
69166,João Felipe Correia,nascimentojoao@example.org,2025-05-05,Sao Paulo,SE,A
36467,Sr. Diego Santos,alexiada-paz@example.com,2021-10-23,sao Paulo,AP,B
54084,Amanda Pinto,laisnogueira@example.net,2021-02-10,Goiânia,SC,B
83487,Ana Julia Cardoso,alvespedro@example.org,2023-12-06,sao Paulo,PE,B
77332,Sophie Correia,zcampos@example.com,2021-12-07,Rio,MA,C
62556,Juliana Costa,fernandonovaes@example.com,2024-09-15,Rio de Janeiro,DF,A
68893,Vicente Nascimento,anthony84@example.org,2023-05-21,sao Paulo,MG,A
65585,Dr. Augusto Almeida,correiafelipe@example.net,2022-10-12,Rio,RN,A
58199,Miguel Nunes,fcavalcanti@example.org,2022-12-12,sao Paulo,SP,C
50030,João Gabriel Lima,da-conceicaoana-julia@example.org,2024-09-12,sao Paulo,CE,A
89974,Agatha Silva,oviana@example.com,2021-04-28,Sao Paulo,ES,B
72190,Sarah Campos,maria-eduardasantos@example.org,2024-11-25,Rio,PI,C
96008,Paulo Cardoso,maria-luizanogueira@example.com,2025-02-26,Maranhao,PI,B
79208,Dra. Melissa Peixoto,wda-mata@example.org,2024-02-24,Maranhão,GO,B
28631,Raul da Rocha,francisco28@example.com,2021-09-05,Curitiba,SE,C
15157,Alícia Nogueira,sarah25@example.org,2022-06-06,Goiânia,MS,B
27436,Valentina Rezende,acardoso@example.net,2021-07-14,Goiânia,AP,A
43711,Julia Nunes,franciscogoncalves@example.com,2020-08-18,Curitiba,MA,A
44525,Sr. Juan Fogaça,emanuelferreira@example.org,2021-08-13,Maranhao,PB,C
50949,Vinicius da Luz,luiz-otavioramos@example.com,2024-04-14,Maranhão,MT,C
80202,Marcos Vinicius Silva,nnogueira@example.com,2025-04-10,Goiânia,PR,B
70928,Luna Moura,da-costacaua@example.net,2023-06-22,sao Paulo,MA,C
53294,Thiago Fogaça,nicoleda-mota@example.org,2021-07-06,Sao Paulo,MG,C
59952,Enrico Pinto,cunhagabriela@example.net,2021-01-15,São Paulo,MA,A
95482,Sra. Fernanda Jesus,ferreiramaria-eduarda@example.net,2023-06-06,Maranhao,MS,A
47383,Isabelly Carvalho,cavalcantilavinia@example.com,2023-11-09,sao Paulo,AL,B
73242,Sra. Rebeca Mendes,tporto@example.net,2023-09-13,Rio de Janeiro,SC,A
54158,Sra. Mirella Cavalcanti,camposerick@example.net,2024-04-30,Curitiba,AP,B
50876,Ana Lívia Moraes,erick82@example.org,2022-05-22,sao Paulo,CE,B
59371,Isabella Lopes,hcosta@example.org,2023-09-24,Maranhao,AC,A
91096,Manuela Santos,mendesvalentina@example.net,2022-01-24,Maranhao,SC,A
66798,Yasmin Moreira,caldeiralorena@example.net,2024-11-10,sao Paulo,PB,A
39994,Dra. Ana Júlia Martins,fernandorezende@example.net,2020-08-22,Sao Paulo,AC,B
86604,Diego da Paz,tnunes@example.org,2021-03-27,sao Paulo,BA,B
37808,Eloah Souza,fariasgustavo@example.com,2022-07-17,Sao Paulo,SC,B
32045,Gustavo Henrique Monteiro,pedro-lucasmartins@example.org,2022-11-27,Maranhao,PA,B
15280,Enzo Barros,catarinasales@example.org,2021-02-15,Goiânia,RO,B
47938,Manuela Aragão,cmelo@example.net,2022-01-25,Curitiba,SC,A
16992,Kaique da Rocha,da-matapaulo@example.com,2020-10-18,sao Paulo,AP,B
89497,Pedro Cavalcanti,da-mataheitor@example.net,2021-04-19,Curitiba,PR,A
72746,Emanuella Campos,ateixeira@example.net,2024-09-27,Sao Paulo,MG,B
39424,Sr. Cauã das Neves,vitor-hugo19@example.com,2022-06-03,Goiania,ES,C
24759,Nina Moraes,henriquemoraes@example.com,2022-10-22,Rio,GO,A
97930,Emanuelly Mendes,pduarte@example.org,2022-05-20,Maranhao,CE,A
82666,Ana Júlia Ramos,almeidaaugusto@example.net,2022-11-02,Rio,RO,B
21466,Brenda Alves,portokaique@example.org,2022-04-22,São Paulo,GO,A
98952,Gabrielly Ramos,peixotopietra@example.com,2025-07-14,sao Paulo,BA,B
81908,Ana Sophia Pereira,eloah65@example.com,2025-06-28,Sao Paulo,BA,A
98581,Bruno da Conceição,evieira@example.com,2024-12-30,sao Paulo,RN,A
46746,Renan Almeida,fariasmaria-julia@example.org,2022-08-02,Rio,PB,C
89135,Luiza da Costa,gabriela25@example.org,2022-06-28,Maranhão,BA,A
41333,Larissa Almeida,sofia33@example.net,2024-04-22,Rio de Janeiro,BA,A
55151,Srta. Olivia Ramos,ribeirocalebe@example.net,2022-11-27,sao Paulo,RJ,C
59984,Maria Luiza Melo,fgomes@example.net,2025-01-06,sao Paulo,MS,C
66299,Ana Luiza Fogaça,lucasmonteiro@example.com,2023-05-09,Maranhão,PR,A
34777,Manuela Mendes,joao-pedroalves@example.com,2020-11-29,Maranhao,PE,A
43985,Luiz Gustavo da Mata,pedro-miguel52@example.com,2021-02-20,Goiânia,DF,B
65288,Sra. Rafaela da Mota,melissaferreira@example.com,2025-05-11,Rio,PA,A
52958,Julia Porto,joao-miguelmonteiro@example.net,2021-05-19,sao Paulo,BA,C
71596,Bruna Pires,maria-aliceporto@example.net,2024-05-17,São Paulo,SP,C
32704,Beatriz Barbosa,sabrina52@example.org,2023-01-09,Curitiba,CE,A
82552,Yuri Gonçalves,ucampos@example.com,2022-06-02,sao Paulo,PI,A
42101,Fernando Aragão,maria-fernanda35@example.com,2021-12-01,Sao Paulo,MA,A
98136,Srta. Sarah Pinto,amandafogaca@example.net,2024-02-23,sao Paulo,RN,B
24732,Sarah Barbosa,vieiraeduarda@example.org,2023-07-16,Maranhão,PR,C
13956,Kaique Teixeira,heitor08@example.org,2022-10-27,Curitiba,GO,A
98110,Dra. Sophie Nunes,joaquim40@example.com,2025-01-11,sao Paulo,PB,B
68145,Antônio Novaes,vitoria05@example.org,2021-05-22,Sao Paulo,RJ,C
46524,Elisa Rezende,fariasisabel@example.net,2023-01-05,Sao Paulo,PB,A
27103,Igor da Mota,eduardo97@example.net,2022-01-30,Belo Horizonte,AL,C
47091,Marcela da Mata,pedro-lucasribeiro@example.net,2024-11-28,Rio de Janeiro,AM,C
45369,Marcela da Mata,maite43@example.net,2025-07-18,São Paulo,AM,A
73917,Danilo Teixeira,piresagatha@example.org,2021-01-16,Goiânia,SE,A
38534,Laís Rodrigues,zaraujo@example.net,2023-10-22,Belo Horizonte,SC,A
93683,Kamilly Melo,qcardoso@example.org,2021-05-17,Goiânia,SP,A
38257,Emilly Ferreira,barbaragoncalves@example.org,2021-04-04,Maranhão,DF,B
34699,Maria Alice Moura,lucascaldeira@example.org,2023-03-28,Belo Horizonte,TO,B
91095,Maria Cecília Aragão,almeidabreno@example.net,2023-06-11,Rio de Janeiro,PE,A
65900,Sofia Aragão,mendesdavi-luiz@example.com,2023-11-09,sao Paulo,GO,B
40616,Levi Martins,goncalvesisis@example.org,2021-10-18,Maranhão,AC,B
80020,Alexia Moura,eduardocardoso@example.net,2023-06-14,Sao Paulo,MG,A
19800,Luna da Conceição,antonio01@example.com,2023-08-28,São Paulo,PE,B
36482,Benjamin Cavalcanti,ogomes@example.com,2024-03-27,Maranhao,PE,A
29787,Ana Laura Silveira,mendesrebeca@example.com,2024-08-10,São Paulo,AP,C
83729,Maria Julia Oliveira,qmartins@example.org,2020-08-03,Rio,ES,C
81787,Srta. Maysa Rocha,juan75@example.com,2025-07-13,Goiânia,SC,B
13273,André Gonçalves,da-rochatheo@example.org,2023-01-17,sao Paulo,GO,B
98802,Nicolas da Luz,santosalicia@example.net,2021-02-08,Goiania,RO,C
34026,Thiago Cardoso,jbarbosa@example.com,2022-10-25,Sao Paulo,MG,C
22400,Vicente da Rocha,paulocardoso@example.com,2024-01-03,São Paulo,PE,A
58992,Paulo Cavalcanti,evelynnascimento@example.net,2022-12-07,São Paulo,AL,B
56204,Sr. Juan Cardoso,ian64@example.com,2022-08-31,Maranhao,MS,A
68365,Camila Cardoso,freitasmelissa@example.net,2024-12-11,Curitiba,AC,A
49700,Yasmin Nunes,ana-laurasouza@example.org,2020-09-07,Sao Paulo,PR,C
73633,Emanuelly Sales,rezendebrenda@example.com,2023-10-13,Rio de Janeiro,PB,B
31179,Melissa Carvalho,agathada-mata@example.org,2024-09-08,Curitiba,RS,A
82387,Sra. Luana Silveira,oliveiramurilo@example.net,2022-05-24,Rio de Janeiro,MS,B
26391,Emilly Rodrigues,zda-rosa@example.net,2024-08-15,Belo Horizonte,AL,A
75620,Sra. Larissa Costa,sarahpereira@example.net,2025-01-30,sao Paulo,AP,A
67551,Dra. Ana Luiza Campos,duartemaria-sophia@example.org,2021-03-01,Goiania,MS,C
90010,Manuela Gonçalves,davi-luiz36@example.com,2021-12-15,Sao Paulo,PI,B
66954,Bianca Lopes,raul99@example.com,2023-10-21,sao Paulo,TO,A
30875,Marcela Nascimento,nathan94@example.org,2024-03-19,Goiania,PB,C
37946,Eduardo Alves,wmoura@example.com,2021-11-01,Belo Horizonte,RJ,A
53618,Eduarda Teixeira,zfarias@example.org,2022-08-14,Goiânia,PE,B
62945,Natália Azevedo,gomesdiego@example.net,2025-04-29,Belo Horizonte,RR,A
36191,Ana Lívia Oliveira,lucasnascimento@example.com,2025-05-05,Curitiba,PB,A
69132,Luna Novaes,emanuella77@example.org,2021-04-28,sao Paulo,PB,A
37665,Alana Gonçalves,hnunes@example.com,2024-09-19,sao Paulo,PI,C
60498,João Vitor Carvalho,isadora91@example.com,2023-02-05,Maranhão,AP,A
92063,Luiz Gustavo Freitas,giovannapires@example.com,2022-08-30,São Paulo,AL,B
82683,Davi Lucas Alves,cavalcantibenicio@example.org,2022-04-15,Rio,ES,C
83442,Letícia Gonçalves,leticia67@example.org,2021-02-10,Maranhão,AM,B
13014,Sophia Caldeira,maria-claraalmeida@example.net,2022-08-26,São Paulo,MA,C
22415,Bianca da Paz,rochaana-vitoria@example.com,2021-11-21,Goiânia,PI,B
22606,Ana Júlia Freitas,kaique99@example.com,2021-06-17,Belo Horizonte,CE,B
93561,Antônio Oliveira,joaquim03@example.org,2021-03-02,Goiania,PE,B
56880,Marcelo Porto,nogueiraana-carolina@example.org,2023-12-24,Maranhao,GO,C
96182,Pedro Martins,joao-gabrieldias@example.org,2023-01-31,Maranhão,MA,B
48736,Olivia Farias,duartemaria@example.net,2025-03-28,Curitiba,RN,A
12373,Theo Rocha,beniciofernandes@example.org,2020-09-08,Rio,MT,C
74880,Samuel Cavalcanti,orodrigues@example.com,2024-01-19,Curitiba,DF,A
82987,Helena da Rosa,isadorarodrigues@example.net,2025-02-15,Goiania,SC,C
19245,Maria Fernanda Oliveira,iazevedo@example.org,2023-02-27,Belo Horizonte,PB,A
34984,Dra. Ana Teixeira,cunhapedro-lucas@example.net,2025-02-09,Belo Horizonte,AM,A
56951,Dr. Thomas Correia,cardosoalice@example.net,2021-09-03,Maranhao,PI,C
95090,Gabrielly Pereira,cavalcanticatarina@example.org,2021-11-05,Goiania,RJ,A
74021,Erick Monteiro,ana-livia42@example.com,2021-08-17,Sao Paulo,RO,A
74374,Vitor Hugo Gonçalves,isadorafreitas@example.com,2021-09-13,sao Paulo,RO,C
10183,Dra. Maria Vitória Costa,matheusda-luz@example.net,2021-01-01,Goiânia,BA,B
12451,Davi Lima,isadorada-rosa@example.org,2024-05-08,sao Paulo,MT,B
37896,Caio Nunes,ana-julia74@example.net,2024-04-07,Goiania,DF,A
18709,Alana Caldeira,osilva@example.com,2021-05-09,Rio,BA,B
41403,Helena Martins,ygoncalves@example.org,2022-03-06,Curitiba,MS,A
70047,Joaquim Caldeira,tmelo@example.org,2024-07-13,Rio,SP,A
52021,Eduarda Sales,lmoura@example.com,2022-07-15,Sao Paulo,RJ,A
56680,Sr. Gustavo Dias,fnovaes@example.org,2021-04-17,Maranhao,GO,B
54925,André Campos,ana-julia56@example.org,2024-06-08,Rio,PB,C
30597,Mariana Aragão,rezendethiago@example.com,2021-05-19,Goiania,RO,C
57805,Esther Mendes,samuel95@example.org,2024-03-30,sao Paulo,AC,A
60873,Sr. Alexandre da Cruz,raulcosta@example.net,2023-08-28,Maranhão,AL,A
55756,Erick Dias,mpeixoto@example.net,2021-02-22,Sao Paulo,SP,A
48884,Olivia Pinto,vieiramelissa@example.com,2025-04-03,sao Paulo,BA,A
83586,Isadora Silva,carolinaduarte@example.com,2023-10-28,sao Paulo,CE,B
18551,Davi Luiz Nunes,zmoura@example.org,2024-07-04,Maranhão,MA,C
71399,Olivia Cardoso,kaique42@example.com,2023-03-30,Curitiba,MG,C
84853,Dr. Raul Moraes,elisaazevedo@example.org,2021-04-14,Sao Paulo,RS,C
99218,Cecília Costa,mendesmaria-alice@example.net,2022-06-14,Sao Paulo,AL,C
81137,Raquel Vieira,castromaria-eduarda@example.org,2024-01-29,sao Paulo,RO,C
14334,Ana Julia Sales,ribeiroana-laura@example.org,2023-06-15,sao Paulo,SP,C
97253,Alexandre Araújo,alexandreda-rocha@example.org,2020-10-04,Belo Horizonte,PB,A
74066,Maria Alice Duarte,castroluna@example.org,2022-09-03,Rio de Janeiro,AC,A
34596,Benício da Rocha,ncaldeira@example.org,2021-09-06,Goiania,MG,B
27475,Rebeca Dias,ualmeida@example.com,2020-12-14,Rio,PI,A
97055,Mariane Dias,araujoraquel@example.net,2020-10-08,Belo Horizonte,AL,A
41861,Julia Campos,igor75@example.org,2021-11-28,sao Paulo,GO,A
86996,Vitória Cardoso,laisda-mota@example.org,2022-02-16,São Paulo,RO,C
43596,Dr. Davi Luiz Cavalcanti,gabrielly67@example.net,2021-08-11,Sao Paulo,RS,A
95098,Maitê Costa,da-costapietro@example.net,2020-09-26,Rio de Janeiro,PE,C
15743,Srta. Sabrina Melo,luiz-henrique61@example.org,2024-02-07,Curitiba,RJ,C
92186,Maria Sophia Sales,ana-clara33@example.net,2023-05-02,Belo Horizonte,SC,A
60320,Sra. Nicole Silva,thalesviana@example.net,2020-09-30,Goiânia,AM,C
12096,Ana Julia da Paz,xda-rocha@example.org,2024-03-09,Sao Paulo,GO,A
19165,Anthony Martins,anthonymoura@example.com,2021-12-06,sao Paulo,RN,B
40233,Henrique da Rosa,trodrigues@example.org,2021-04-22,Rio de Janeiro,SE,B
68075,Bruna Gomes,bernardolopes@example.net,2024-06-11,São Paulo,RR,A
10521,Dra. Maria Alice Ramos,bdas-neves@example.net,2024-09-16,São Paulo,AP,C
27919,Isaac Araújo,cteixeira@example.org,2021-12-21,Goiania,GO,A
90999,Fernanda Rezende,joao-feliperodrigues@example.org,2024-03-13,Sao Paulo,PI,C
94328,Dr. Danilo Sales,tlopes@example.org,2023-08-25,Sao Paulo,SC,A
97429,Emanuelly Jesus,ryancarvalho@example.net,2021-01-24,Sao Paulo,ES,C
82487,Ana Costela,ribeiromaria-vitoria@example.net,2023-01-21,Sao Paulo,BA,B
38381,Sophia Castro,pietroda-paz@example.org,2021-01-20,Rio de Janeiro,SC,C
96335,Luiz Gustavo da Luz,maria-luiza01@example.net,2023-12-12,Maranhao,MS,C
87123,Fernanda da Luz,rodrigo14@example.org,2023-02-01,sao Paulo,AC,C
43415,Gabriel Carvalho,ana-sophia08@example.net,2021-06-10,Rio,MT,B
50540,Luiz Gustavo Silva,brenda37@example.org,2022-09-16,Rio,AP,B
15202,Sabrina Rocha,tsouza@example.org,2024-05-28,Rio de Janeiro,RN,C
78701,Isaac Pires,mda-cunha@example.net,2022-05-17,Goiania,MG,B
61585,Marcela da Rosa,vitor-hugo85@example.net,2021-12-12,Belo Horizonte,AP,B
91376,Sra. Mirella Martins,pedro-miguel10@example.org,2024-08-05,Maranhao,AP,A
37956,Julia Lopes,peixotomatheus@example.org,2022-05-22,sao Paulo,PI,B
43688,João Gabriel das Neves,pteixeira@example.org,2022-12-08,sao Paulo,RN,A
96031,Emanuelly Nogueira,vicente08@example.org,2022-01-13,Goiania,AL,C
11434,Sr. Davi Luiz Sales,glima@example.com,2024-06-26,sao Paulo,ES,C
25057,Maria Eduarda Viana,samuelpereira@example.net,2020-12-19,Goiania,DF,C
45733,Dra. Sophie da Conceição,fogacaaugusto@example.net,2025-03-13,sao Paulo,AM,B
35799,Dr. João Guilherme Campos,sdias@example.net,2025-07-27,Curitiba,CE,A
74416,Emanuelly Viana,pcorreia@example.org,2022-12-14,São Paulo,MG,B
29986,Sr. Renan Ramos,caio28@example.org,2024-10-05,Rio de Janeiro,RR,A
17849,Isaac das Neves,mda-mota@example.org,2022-11-06,Sao Paulo,RS,C
82107,Isis Lopes,nataliapereira@example.net,2021-08-13,Belo Horizonte,RR,A
10083,Maria Julia Ribeiro,pedro-henrique59@example.org,2021-05-20,Rio de Janeiro,TO,B
12691,Davi Lucas Costa,qcardoso@example.com,2025-03-28,Maranhão,MG,A
37959,Marina Caldeira,sofiaribeiro@example.org,2025-03-04,Maranhao,MG,A
86950,Kevin Carvalho,da-conceicaojoao-vitor@example.net,2022-12-09,São Paulo,MA,B
33355,Lavínia Ribeiro,lais39@example.org,2023-12-29,Goiânia,PR,B
92304,Vinicius Barros,peixotojuliana@example.net,2021-12-23,sao Paulo,AM,C
98974,João Rezende,salmeida@example.org,2024-01-07,Curitiba,AL,C
25277,Laís Oliveira,biancada-paz@example.net,2023-11-19,Sao Paulo,PE,A
54274,Sr. Ian Novaes,milena41@example.org,2021-03-12,sao Paulo,AP,A
70753,Marina Correia,da-conceicaothomas@example.net,2021-08-04,Goiania,PB,A
65868,Davi Lucca da Cunha,bryan14@example.net,2020-08-19,Rio de Janeiro,PA,A
89052,Helena Correia,diogogoncalves@example.org,2021-02-08,Curitiba,RR,C
23433,Gustavo Henrique Peixoto,ana-carolina68@example.net,2024-07-24,Rio de Janeiro,PE,A
74589,Beatriz Gonçalves,xporto@example.org,2022-07-06,Goiânia,AC,C
42227,Diogo Moura,catarina07@example.net,2021-11-06,Rio,MS,B
57858,Vitor Hugo Nunes,qda-rocha@example.net,2020-11-17,São Paulo,AM,B
27295,Nicole Jesus,dda-cruz@example.net,2021-06-24,sao Paulo,RS,B
27304,Cauê Moura,tpeixoto@example.net,2025-05-29,Rio,PR,B
69034,Laís Caldeira,emillygomes@example.org,2024-02-28,Curitiba,AL,B
79266,Isabel Gomes,wda-cruz@example.net,2021-08-07,sao Paulo,SP,B
37975,Emanuelly Novaes,emanuel30@example.net,2021-09-27,sao Paulo,MA,B
34522,Anthony Ramos,tpinto@example.com,2021-04-12,Belo Horizonte,PE,A
71751,Dr. Eduardo Martins,ana-clarapereira@example.com,2023-08-21,sao Paulo,PI,C
42024,Lorena Farias,zduarte@example.org,2025-05-28,Maranhao,RS,B
43904,Enzo Farias,joanada-mota@example.org,2023-10-09,sao Paulo,MS,C
44812,Davi Lucca Souza,diogo64@example.com,2022-04-19,Rio de Janeiro,MA,B
72527,Valentina da Cunha,gabrielateixeira@example.org,2025-04-05,Maranhao,TO,B
60893,Clarice Ferreira,maysa72@example.com,2022-08-09,Goiânia,PI,B
15591,Luiz Henrique Silva,leonardolopes@example.net,2023-02-01,sao Paulo,PR,C
99769,Carolina Castro,emanuelpereira@example.com,2025-06-08,Sao Paulo,PE,C
34158,Emanuel Silva,correiaalicia@example.org,2022-12-21,sao Paulo,AM,A
29159,Sra. Helena Teixeira,ana-vitoriasouza@example.org,2024-06-27,sao Paulo,MT,B
83463,Luiz Henrique Fernandes,ycorreia@example.com,2021-08-03,Rio,RR,C
41906,Juliana Azevedo,kevinramos@example.com,2022-05-16,sao Paulo,MS,A
25100,Dra. Gabriela Ferreira,da-costaian@example.net,2024-07-14,Sao Paulo,TO,C
58115,Evelyn Porto,lramos@example.org,2021-12-27,São Paulo,SP,C
91013,Srta. Eloah Nunes,kmoreira@example.net,2023-12-28,sao Paulo,ES,B
61076,Pedro Peixoto,luiz-miguel71@example.com,2024-03-09,Sao Paulo,RJ,B
99548,Samuel Viana,maria-vitoria89@example.net,2020-11-06,Goiania,BA,C
45116,Srta. Fernanda Costela,rodrigo71@example.com,2020-12-22,São Paulo,BA,C
58966,Laís Rezende,melodaniel@example.net,2024-08-02,sao Paulo,AL,A
25970,Dra. Olivia Rocha,correiadaniel@example.com,2022-02-02,São Paulo,ES,A
42244,Sr. Yuri Pinto,lucas71@example.com,2025-03-24,Goiânia,RR,C
33233,Yuri Caldeira,da-cunhajoao-guilherme@example.net,2020-08-04,Sao Paulo,RR,B
48827,Isabelly Gomes,daniel99@example.org,2022-08-31,Rio de Janeiro,TO,B
13549,Dra. Elisa Dias,camilateixeira@example.net,2022-10-02,sao Paulo,CE,C
52878,Benjamin Jesus,isabellanascimento@example.net,2021-06-20,Curitiba,RN,B
81354,Samuel Peixoto,cardosogustavo@example.com,2025-06-09,Curitiba,MS,C
22933,Lorenzo Monteiro,diasaugusto@example.net,2021-09-15,sao Paulo,GO,C
60728,Mirella Cavalcanti,gomesgustavo@example.org,2025-04-03,Sao Paulo,TO,B
36975,Cecília Farias,matheusalmeida@example.net,2023-06-04,São Paulo,RN,B
78405,Isis da Conceição,bianca68@example.com,2021-09-22,Rio de Janeiro,MA,C
13868,Rafaela Novaes,milenasouza@example.org,2023-12-05,sao Paulo,ES,A
95014,Francisco Peixoto,brenoteixeira@example.org,2020-12-08,São Paulo,AP,C
31394,Ana Carolina Gonçalves,fernandapires@example.net,2021-10-02,Rio,AM,A
30588,Ana Julia da Rocha,moliveira@example.org,2022-09-18,Curitiba,DF,A
87911,Dra. Joana da Costa,ryan84@example.org,2022-11-14,Maranhao,PA,A
17703,Sra. Heloísa Martins,danilo46@example.org,2025-05-17,Rio,RO,A
21433,Antônio Farias,sabrina83@example.org,2022-03-27,Goiania,RO,B
52853,Marina Campos,laurapires@example.org,2023-04-03,São Paulo,AC,B
74522,João Gabriel Gonçalves,martinsrebeca@example.com,2022-12-08,Goiânia,MA,B
44039,Ana Laura Oliveira,theo87@example.org,2024-04-11,Sao Paulo,MS,A
23780,Maria Fernanda Fogaça,ramosrebeca@example.org,2024-05-14,Sao Paulo,RR,C
43592,Augusto Vieira,vieiraantonio@example.com,2021-08-10,Rio,SC,B
83129,Bernardo Fernandes,beatrizmelo@example.com,2025-07-12,Maranhao,BA,C
15110,Fernanda Araújo,jda-costa@example.net,2021-09-27,Maranhao,RJ,A
40752,Maria Fernanda Fernandes,rafaelaalmeida@example.org,2025-05-08,Sao Paulo,GO,B
24078,Sr. Cauê Azevedo,carlos-eduardo92@example.com,2021-10-16,Goiania,RR,A
47991,Clara Ramos,gabrielly74@example.com,2024-01-06,sao Paulo,MA,B
48107,Ana Lívia Silveira,nicolealves@example.com,2020-08-01,São Paulo,PB,A
43479,Maria Julia Porto,sda-rocha@example.com,2022-09-21,Rio,RO,B
23559,Alice Costela,tramos@example.com,2022-11-29,Sao Paulo,RJ,A
18925,Bernardo Alves,urodrigues@example.com,2024-02-13,Belo Horizonte,MA,C
73874,Srta. Cecília Peixoto,antoniocavalcanti@example.org,2022-06-01,Belo Horizonte,CE,C
25811,Rodrigo Moura,azevedocarolina@example.com,2021-03-11,Rio de Janeiro,TO,B
66062,Kamilly Teixeira,salessofia@example.net,2023-02-06,Goiania,MG,A
98631,Eduarda Costela,bernardo87@example.net,2022-06-13,Rio de Janeiro,MG,C
65486,Alícia Sales,inovaes@example.org,2020-09-25,Maranhão,AL,A
15723,Letícia Fogaça,azevedovalentina@example.net,2022-01-19,sao Paulo,CE,A
52126,Lucas Pires,lunagoncalves@example.com,2024-02-12,sao Paulo,MG,B
60496,Davi Lucca Gomes,camilarocha@example.org,2020-07-31,sao Paulo,RJ,B
88622,Agatha Rocha,marcela92@example.org,2022-07-02,Rio de Janeiro,MT,A
27503,Matheus Cardoso,arthur93@example.com,2024-04-21,São Paulo,RO,C
66703,João Gabriel Nascimento,zcostela@example.net,2021-12-20,sao Paulo,RR,C
46136,Dr. Renan Caldeira,krocha@example.org,2024-04-02,sao Paulo,RJ,B
51247,Lucas Gabriel da Paz,danilo77@example.com,2025-03-27,sao Paulo,AM,B
13000,Maria Fernanda Dias,lara12@example.org,2023-07-19,sao Paulo,SE,B
28020,Vitor Gabriel Rodrigues,luiz-otavio46@example.org,2024-08-28,Goiania,ES,A
94204,Carolina Rocha,larissa99@example.com,2021-07-27,sao Paulo,MG,C
45179,João Lucas Pereira,cardosoandre@example.net,2020-09-02,Maranhão,MT,C
29757,Eduarda Castro,fda-mata@example.com,2021-02-11,sao Paulo,AM,C
94009,Bianca Cardoso,mariana99@example.org,2024-06-25,Sao Paulo,BA,B
98559,Luiz Felipe Correia,ana-vitoriaferreira@example.org,2023-02-22,Sao Paulo,CE,A
23245,Vitor Hugo Correia,mouracalebe@example.net,2021-01-11,São Paulo,SC,C
42369,Eduarda Lopes,igor37@example.org,2024-03-02,sao Paulo,MT,A
80080,Beatriz Cavalcanti,hjesus@example.net,2021-01-03,Belo Horizonte,RO,A
71348,Srta. Bianca Oliveira,icardoso@example.net,2024-07-05,Rio,RR,C
13640,Milena Mendes,sda-rosa@example.net,2021-10-26,sao Paulo,PB,C
22977,Camila Costa,portoleticia@example.org,2020-09-11,Sao Paulo,PA,B
29499,Felipe Pinto,dvieira@example.net,2021-06-27,Curitiba,AC,A
30398,Julia da Cruz,lopespietra@example.com,2024-04-06,sao Paulo,PI,C
56151,Davi Lucas Farias,mouramaria-eduarda@example.net,2022-12-27,Sao Paulo,RS,C
28731,Sr. Felipe da Luz,npeixoto@example.org,2023-06-15,sao Paulo,TO,B
92314,Heitor Almeida,nogueiraleonardo@example.org,2024-01-07,Rio,CE,A
60499,Sra. Alexia da Costa,vieirabenjamin@example.com,2025-02-17,sao Paulo,PR,B
22478,João Silva,maria-alice42@example.net,2023-06-08,Rio de Janeiro,SE,B
72464,Breno Ferreira,nteixeira@example.org,2023-04-05,sao Paulo,CE,C
35485,Esther Gomes,da-conceicaojoao-lucas@example.net,2023-06-21,sao Paulo,AC,A
50897,Thales Nogueira,ana-beatrizbarbosa@example.com,2022-12-06,Sao Paulo,MS,C
17302,Gabriela Souza,nogueiraclarice@example.net,2025-02-09,Goiania,MS,C
21471,João Vitor Campos,ceciliada-mota@example.org,2024-01-11,Maranhao,PI,C
96149,Nicole Cunha,azevedosophia@example.net,2021-12-14,sao Paulo,SP,B
36085,Alexia Araújo,yaraujo@example.org,2025-03-22,Belo Horizonte,GO,A
24885,Ana Clara Martins,lorenzocarvalho@example.com,2025-06-03,Maranhao,RN,A
33272,Sra. Alícia Nogueira,pnunes@example.net,2025-03-15,Sao Paulo,AP,C
88013,Davi Lucas Mendes,almeidaisadora@example.net,2021-12-09,sao Paulo,SP,B
67382,Maria Sophia Rodrigues,luiza31@example.com,2021-03-21,Belo Horizonte,AM,C
43728,Dr. Gustavo Jesus,rebecabarbosa@example.net,2021-02-28,sao Paulo,SE,B
98374,Ana Sophia Santos,rfernandes@example.net,2022-03-10,Maranhao,PA,C
53347,Agatha Martins,benjaminda-cunha@example.com,2022-04-12,Curitiba,PA,C
18500,Felipe Azevedo,piresryan@example.org,2021-03-30,Sao Paulo,ES,A
89785,Srta. Maria Luiza das Neves,sofiacardoso@example.com,2022-05-18,Goiania,MA,B
96440,Pedro Lucas Silveira,nicolenunes@example.net,2020-08-23,Sao Paulo,RN,C
25604,Luiz Gustavo da Mota,maria-clara76@example.net,2023-03-08,Goiania,AC,B
98402,Heitor Ribeiro,ana-vitoriacardoso@example.com,2024-06-14,sao Paulo,SE,A
34509,Brenda Farias,manuelagoncalves@example.org,2022-11-17,Rio,MA,A
18159,Joana Silveira,juliananascimento@example.com,2025-03-11,Sao Paulo,RO,B
33160,Dr. Rodrigo da Mota,noah77@example.net,2022-03-05,Sao Paulo,TO,C
99823,Henrique Melo,hmelo@example.net,2024-01-26,sao Paulo,RJ,B
65637,Sr. Anthony Rocha,nicolasda-rosa@example.org,2021-10-01,Maranhao,RN,B
53482,Thales da Mata,enzo-gabriel64@example.org,2024-10-27,sao Paulo,AM,A
39751,Davi Lucas Silveira,pietra76@example.com,2024-03-14,Belo Horizonte,PI,B
34086,Heloísa Moreira,antonio16@example.net,2022-03-25,sao Paulo,MG,B
94930,Natália Cardoso,milena00@example.org,2024-08-18,sao Paulo,GO,A
73702,Antônio Cardoso,maria-juliadias@example.com,2025-01-05,Sao Paulo,PB,A
26013,Gustavo Henrique Pires,davi56@example.com,2020-09-05,Sao Paulo,GO,C
24565,Sr. Calebe Cavalcanti,bcardoso@example.com,2023-05-06,sao Paulo,SC,A
48196,Cauê da Paz,vmelo@example.com,2021-02-05,Maranhão,SP,B
81849,Mariane Pinto,maria49@example.org,2025-06-29,Rio de Janeiro,GO,A
46848,Dr. Bryan Barros,da-motakaique@example.org,2022-10-13,Maranhão,AP,A
55689,Lavínia Peixoto,vianaheloisa@example.net,2024-11-17,Goiania,SE,C
41132,João Guilherme Azevedo,rodrigo66@example.com,2022-06-06,Curitiba,MS,B
48390,Brenda Rezende,vfreitas@example.com,2022-09-08,Rio de Janeiro,AP,C
17835,Sr. Leandro Nogueira,marcos-vinicius23@example.net,2024-04-10,Sao Paulo,PA,A
62424,Otávio Cardoso,clarice60@example.net,2023-02-21,Sao Paulo,MG,A
27972,Sabrina Rocha,azevedodavi-lucca@example.com,2024-06-23,sao Paulo,RR,A
51855,Vitória Moura,yago89@example.org,2023-09-20,Sao Paulo,TO,A
35057,Eduardo Pinto,rochaluiz-otavio@example.org,2023-04-08,Rio,ES,C
72935,Breno Vieira,qaragao@example.org,2021-10-27,Maranhao,RJ,A
29791,Maitê da Rosa,camposjoao@example.com,2021-10-22,Maranhao,RS,C
86512,Srta. Milena Barbosa,oduarte@example.org,2022-05-12,sao Paulo,SP,C
27190,Cecília Gonçalves,castrolucas@example.com,2022-01-03,Goiania,SC,A
11312,Ana Vitória Barbosa,beatriz78@example.com,2023-06-28,Goiania,GO,C
82537,João Miguel Teixeira,rafael09@example.org,2023-05-06,Goiânia,PB,C
78732,Breno Caldeira,costaana-vitoria@example.com,2023-03-02,Maranhão,PR,C
78462,Valentina Porto,ian87@example.com,2022-02-20,sao Paulo,PA,C
19572,Bryan Moura,luiz-henriquecardoso@example.org,2023-05-20,Goiania,PA,A
92232,Cauã Sales,moraesclarice@example.com,2022-08-02,sao Paulo,MT,A
59317,Luana Costa,da-cruzmaria-julia@example.com,2023-04-01,Goiânia,SP,C
76762,Sr. Calebe Cunha,goncalvesmarcos-vinicius@example.org,2020-09-02,Belo Horizonte,AL,B
33914,Enrico da Conceição,portoenzo-gabriel@example.net,2021-10-26,sao Paulo,MG,C
62848,Maria Julia Lima,pedro-lucas53@example.net,2022-03-17,Goiania,MG,C
19505,Bryan da Mota,camila93@example.net,2021-06-23,sao Paulo,RO,C
15578,Srta. Emanuella Araújo,emanuelly18@example.net,2022-07-26,Goiania,SE,C
65886,Pedro Henrique Melo,sophiearaujo@example.net,2022-12-11,Belo Horizonte,DF,A
10173,Davi Lucas Novaes,ryanmelo@example.org,2023-12-02,Curitiba,SC,A
47332,Amanda Fogaça,rodriguesisabelly@example.net,2024-08-27,sao Paulo,PB,A
91240,Rafael Farias,davi-lucasda-rocha@example.net,2023-01-20,Sao Paulo,ES,B
25427,Eloah Pinto,joao-guilherme24@example.net,2023-04-25,Sao Paulo,CE,C
74521,Danilo Pinto,larajesus@example.org,2022-10-19,Maranhão,RN,A
70472,João Viana,enzo-gabriel54@example.com,2024-12-20,Sao Paulo,MG,A
58997,Pedro Lucas Moraes,kevin19@example.com,2021-01-23,Goiania,RJ,B
87438,Ana Julia Rezende,novaesdiogo@example.com,2023-02-21,Sao Paulo,ES,C
45435,Manuela Almeida,alexia40@example.org,2020-09-20,Maranhao,DF,C
75659,Ana Lívia Lopes,emanuelly29@example.org,2021-12-25,sao Paulo,SP,C
69342,Vinicius da Mota,gramos@example.com,2021-06-21,sao Paulo,PR,B
41147,Melissa Barbosa,maria-julia06@example.net,2023-09-22,Rio,MT,A
70041,Ana Julia Fogaça,daniela20@example.net,2021-01-06,Belo Horizonte,SC,A
34960,Alexandre Almeida,ioliveira@example.org,2022-12-25,Maranhao,MA,B
67775,Bernardo Rocha,nicole64@example.com,2021-11-06,Belo Horizonte,MT,B
16205,Sabrina Silveira,maria-clara99@example.net,2023-12-16,sao Paulo,TO,B
41993,Nina Azevedo,davi-lucas31@example.com,2024-06-10,Goiânia,RJ,B
58352,Marina Lopes,gpires@example.com,2021-11-24,Goiânia,DF,C
89932,João Vitor Martins,eduardo11@example.com,2023-04-13,Rio,SP,B
29546,Francisco Freitas,jesusvitor-gabriel@example.org,2025-04-18,Rio de Janeiro,PA,A
30209,Marcela Caldeira,julia73@example.org,2024-12-11,sao Paulo,SP,A
90959,Danilo Almeida,miguelcunha@example.org,2022-09-16,Sao Paulo,ES,C
43341,Davi Luiz Araújo,rezendethomas@example.org,2024-01-27,Sao Paulo,RO,C
81853,Luiz Gustavo Santos,thomasnovaes@example.net,2025-06-25,sao Paulo,DF,C
32349,Mirella Rezende,joao-miguelda-conceicao@example.net,2024-05-04,Curitiba,SC,C
32797,Lívia Sales,erickfarias@example.com,2022-08-17,Rio de Janeiro,DF,C
88700,Leonardo Campos,emanuellacunha@example.org,2023-05-02,Rio de Janeiro,PB,A
26273,Ana Laura Moraes,fernandamendes@example.net,2022-03-31,sao Paulo,SE,C
81993,Kevin Lopes,joao-lucas36@example.org,2022-06-13,sao Paulo,ES,B
38962,Maria Alice Farias,melissa17@example.org,2022-10-26,Maranhao,PR,A
21569,Maria Fernanda Castro,vieiraelisa@example.com,2024-08-13,Sao Paulo,ES,C
53332,Lucas Gabriel da Costa,monteiromiguel@example.org,2021-08-04,Curitiba,CE,C
53030,Theo Martins,caroline69@example.net,2024-06-19,sao Paulo,MA,C
44839,Maria Clara Duarte,maria-ceciliadas-neves@example.com,2021-10-10,Goiânia,MA,C
29846,Pedro Martins,barrosheloisa@example.net,2025-02-23,Goiânia,SP,B
18543,Bruna Dias,acaldeira@example.org,2020-09-12,Sao Paulo,MT,B
21310,Laís Dias,sfreitas@example.com,2024-08-31,Goiania,SC,C
59857,Nicolas Teixeira,fernanda03@example.org,2025-04-02,Goiania,TO,B
23588,Juliana Pires,ucardoso@example.com,2021-05-29,Rio,TO,C
57307,Cauê Cardoso,lais53@example.org,2022-06-16,sao Paulo,RJ,B
13455,Arthur Pires,emillycaldeira@example.com,2022-12-31,Goiania,CE,A
46433,Samuel Porto,sda-mota@example.org,2022-06-29,sao Paulo,MS,B
89482,Raquel da Cunha,tbarbosa@example.net,2025-05-23,Sao Paulo,RS,C
97094,Marcelo Melo,alvesisabelly@example.org,2021-06-23,Sao Paulo,SC,B
77948,Srta. Maria Julia Barbosa,maria-fernanda82@example.net,2021-09-08,Goiânia,SC,C
17870,Sra. Mirella das Neves,caldeiramaria@example.net,2022-10-07,Sao Paulo,PE,A
53218,Sophia Lima,luizaaraujo@example.net,2022-12-29,Curitiba,PR,A
10624,Srta. Sophie Costela,marcos-vinicius41@example.org,2023-10-03,São Paulo,RS,A
88837,Davi Lucca Barros,pedroteixeira@example.com,2023-09-05,Rio,PA,A
51954,Gustavo Henrique das Neves,rodriguescamila@example.net,2025-07-19,São Paulo,PE,C
48653,Ana Beatriz Monteiro,bnogueira@example.net,2025-05-24,sao Paulo,GO,B
99847,Eloah da Mata,araujodavi-luiz@example.net,2021-09-02,Rio,DF,C
98149,Enrico Ferreira,aazevedo@example.net,2022-03-14,Rio,PA,B
48188,Maria Fernanda Nogueira,gabriel04@example.com,2023-05-24,Goiânia,PB,A
98858,Anthony Sales,galves@example.org,2022-07-03,sao Paulo,DF,B
48162,Antônio Lima,davi-luizpinto@example.org,2025-01-30,Maranhao,SE,A
68889,Sr. Davi da Luz,luiz-fernandocarvalho@example.net,2023-06-09,Rio de Janeiro,RR,A
31316,Isis Moraes,thomascampos@example.org,2023-11-15,Curitiba,MG,C
44004,Nina Moraes,aragaoana-clara@example.com,2025-01-27,São Paulo,PE,A
55954,Pedro Lucas da Paz,da-luznathan@example.com,2022-01-04,São Paulo,BA,C
65255,Sr. Bruno Jesus,amanda88@example.org,2025-05-07,sao Paulo,RJ,B
91326,Ana Carolina Martins,rochaenzo@example.net,2021-04-09,Rio,MS,C
19323,Bianca da Cunha,ndas-neves@example.net,2024-02-05,Maranhao,AL,C
10405,Ana Julia Oliveira,vitoriasilva@example.org,2022-04-14,sao Paulo,SE,B
32152,Maria Clara Viana,joao-felipesantos@example.org,2023-02-13,Sao Paulo,ES,C
70111,Brenda da Conceição,silvavinicius@example.org,2023-04-05,Goiania,AC,B
40486,Thales Moura,icaldeira@example.com,2021-02-19,sao Paulo,MA,B
13196,Theo da Rosa,fporto@example.org,2025-06-08,sao Paulo,MG,C
54728,João Gabriel Correia,costelaagatha@example.org,2022-12-30,São Paulo,MG,A
51679,Letícia Campos,da-pazmelissa@example.com,2022-02-23,sao Paulo,TO,B
62240,Luna Aragão,alexandreda-rocha@example.net,2024-03-11,Belo Horizonte,RR,A
29854,Marcos Vinicius Sales,heloisa73@example.com,2022-11-17,Goiania,ES,C
43833,Francisco Pires,agatha88@example.org,2021-12-05,sao Paulo,MG,A
91135,Bernardo Lima,ana-carolina04@example.org,2022-09-26,Goiânia,SP,A
44106,Leonardo Cunha,maria-fernandalima@example.org,2023-08-20,Maranhão,RR,C
34693,Gabriela Castro,sarah68@example.net,2023-01-27,sao Paulo,CE,A
54884,Dr. Kaique Ramos,pedro-miguelrocha@example.org,2022-10-16,Curitiba,TO,C
11642,Emanuel da Luz,fmartins@example.com,2023-12-01,Goiânia,MS,A
69735,Sophie da Paz,lorenanunes@example.com,2021-08-28,Sao Paulo,SE,A
72197,Dr. Pietro Almeida,das-nevesana-julia@example.org,2023-12-28,sao Paulo,RN,C
41074,Isis das Neves,prezende@example.org,2025-06-06,Goiania,DF,A
86636,Ana Lívia Aragão,limaana-beatriz@example.com,2020-09-14,sao Paulo,DF,A
11322,Raul Carvalho,ycastro@example.org,2024-04-26,Maranhao,PI,C
33263,João Gabriel Gonçalves,maysasouza@example.org,2021-06-01,Belo Horizonte,DF,C
25020,Nicolas Gonçalves,ncorreia@example.org,2024-01-30,Maranhao,SE,A
31376,Sr. Igor Cardoso,icostela@example.net,2021-10-30,Goiania,MT,B
68134,Alexandre da Rosa,camilamelo@example.net,2022-12-27,Belo Horizonte,PA,A
25824,Ana Vitória Moura,hribeiro@example.com,2021-04-14,sao Paulo,RJ,C
20204,Sra. Evelyn Caldeira,yda-mata@example.net,2023-08-15,Goiânia,AM,B
56689,Vitor Almeida,unovaes@example.com,2021-07-19,Sao Paulo,GO,C
44399,Joaquim Campos,emonteiro@example.com,2022-10-13,Sao Paulo,SC,A
13803,Heitor das Neves,joao-pedro67@example.com,2022-08-03,Sao Paulo,PI,C
44192,Rafael Porto,upeixoto@example.org,2020-08-29,Rio,PA,B
90471,Lorenzo Fogaça,lribeiro@example.net,2020-08-22,Sao Paulo,TO,A
15062,Sra. Lívia Nascimento,juliana92@example.com,2024-05-18,sao Paulo,AL,B
79255,Lara Monteiro,silveirabreno@example.org,2022-05-20,Belo Horizonte,AM,A
28614,Fernando da Mata,carvalholuiz-otavio@example.com,2022-08-15,Curitiba,MT,B
81695,Ana Sophia Vieira,clima@example.net,2021-01-10,Maranhão,AP,A
63578,João Lucas Peixoto,igor20@example.net,2022-08-29,Rio de Janeiro,BA,A
32508,Sofia Moreira,enzo71@example.net,2024-08-18,Sao Paulo,PA,C
96502,Pedro Miguel Lopes,zcarvalho@example.org,2021-01-18,Maranhão,PI,C
19780,Enzo Gabriel da Cunha,wcavalcanti@example.com,2023-12-22,São Paulo,RS,A
89424,Beatriz Cunha,igoraraujo@example.com,2024-03-20,Goiania,TO,B
55149,Luiza Souza,meloana-clara@example.net,2023-10-10,Sao Paulo,MG,B
59660,Sr. Nathan Barbosa,anthony04@example.org,2023-11-18,São Paulo,SE,C
91228,Dr. Paulo Freitas,nascimentoluiz-gustavo@example.net,2023-01-13,Rio de Janeiro,PI,B
38669,Dr. Davi Lucas Moreira,levi22@example.org,2024-12-19,Goiânia,PI,A
13195,Sr. Enzo Gabriel Moraes,arocha@example.com,2024-07-15,Sao Paulo,RR,C
93800,Sra. Marcela Gomes,ribeiromariana@example.net,2023-10-13,Rio,CE,B
51731,Sr. Emanuel da Rocha,gabriel09@example.com,2025-06-02,São Paulo,RO,A
46729,Srta. Maria Luiza Mendes,levi16@example.org,2022-10-31,sao Paulo,PA,A
47371,Kamilly da Conceição,pietronascimento@example.org,2022-12-18,Curitiba,PB,B
33694,Stephany Costela,cauecampos@example.org,2022-09-19,Goiânia,SE,A
37072,João Guilherme Pinto,cunhajoaquim@example.org,2024-06-21,Maranhão,AM,A
27207,Paulo Viana,lais53@example.com,2024-05-26,Curitiba,MS,B
53588,Larissa Azevedo,ccastro@example.org,2020-12-10,Curitiba,MG,A
21319,Luna Santos,davi-luizda-mota@example.net,2024-11-06,Goiania,PA,C
41854,Pietro Monteiro,pereirafernanda@example.org,2023-10-20,sao Paulo,PI,A
93762,Laura Rezende,eda-paz@example.com,2024-01-17,Rio de Janeiro,RJ,A
30323,Alexandre Dias,ana-sophiaoliveira@example.org,2024-04-08,Goiania,CE,B
40366,Dr. João Lucas Castro,joaquimcastro@example.net,2024-11-26,Maranhão,RO,A
60648,Ryan Martins,cmendes@example.com,2021-03-09,Belo Horizonte,SE,A
61254,Sr. Antônio Costa,renanfarias@example.com,2022-12-18,Sao Paulo,MG,C
95086,Kamilly Fogaça,kduarte@example.com,2022-10-11,Sao Paulo,PR,C
47045,Amanda Cardoso,valentina01@example.org,2022-06-28,sao Paulo,SP,C
34064,Gustavo Oliveira,da-cunhacaua@example.com,2020-12-13,Sao Paulo,PA,A
33464,Noah da Mota,rafael67@example.com,2023-08-25,Curitiba,TO,B
35538,Alice Rodrigues,heloisateixeira@example.com,2024-05-29,Sao Paulo,ES,A
34516,Ana Clara Gomes,walmeida@example.com,2025-03-06,São Paulo,BA,B
19656,Agatha Costa,sbarbosa@example.com,2021-12-13,Goiânia,SE,A
19191,Otávio Azevedo,clara01@example.com,2022-08-09,Maranhao,AM,C
79711,Sophie Barros,felipemonteiro@example.com,2021-03-05,Maranhao,DF,B
91380,Lucca Nunes,renan75@example.org,2023-08-21,Rio,DF,A
52385,Bruno Vieira,isisda-cruz@example.com,2021-09-05,Maranhão,AM,B
16197,Ana Júlia da Mota,uribeiro@example.net,2020-12-14,sao Paulo,SE,B
99651,Maria Clara Araújo,ana-juliaalmeida@example.org,2021-01-29,sao Paulo,RJ,C
27874,Thiago Moura,mouramarcela@example.net,2022-05-20,São Paulo,PE,C
83299,João Lucas Pires,olivia17@example.com,2021-08-09,São Paulo,RJ,C
81809,Ana Laura Cunha,silvaarthur@example.org,2024-04-11,sao Paulo,GO,B
62659,Eduarda Santos,nina44@example.org,2024-11-04,Sao Paulo,RN,B
97430,Sophia da Paz,ferreiraagatha@example.com,2024-04-09,sao Paulo,CE,C
59594,Davi Luiz Duarte,caldeiraleticia@example.net,2024-07-03,Goiania,TO,C
62563,Maria Julia da Rosa,ldias@example.net,2021-11-18,sao Paulo,BA,A
55897,Marcos Vinicius Novaes,rmoura@example.net,2021-10-27,sao Paulo,PB,C
21625,Emanuella da Mata,fernanda28@example.org,2023-08-16,Goiania,RR,C
12412,Mariana da Conceição,peixotoisabel@example.org,2021-04-11,São Paulo,AP,C
39636,Julia Caldeira,nascimentosophie@example.com,2022-01-04,Goiânia,SP,A
25465,Matheus Campos,cpeixoto@example.org,2023-02-04,Sao Paulo,PE,B
97175,Nathan Dias,isabella68@example.net,2025-05-06,sao Paulo,AM,A
79412,Yasmin da Mata,ncosta@example.net,2021-06-03,sao Paulo,AL,B
51603,Ryan Sales,xmoura@example.net,2022-03-15,Curitiba,SE,B
78570,Henrique Moura,leandroduarte@example.org,2020-11-19,Rio,BA,A
67529,Cecília Jesus,fernanda24@example.com,2022-08-20,sao Paulo,RS,C
21469,Daniel Viana,souzaolivia@example.net,2023-11-17,São Paulo,BA,A
53443,Anthony da Cruz,manuelamoura@example.com,2024-10-10,Maranhao,RR,C
74366,Augusto Costela,umonteiro@example.com,2024-08-03,Rio de Janeiro,RN,C
75096,Joana Almeida,rochaluigi@example.com,2021-06-06,Curitiba,SE,C
45324,Julia Silveira,qfreitas@example.net,2021-04-07,Maranhão,MG,B
58071,Enrico Souza,imonteiro@example.net,2024-05-09,Sao Paulo,MS,A
56630,Rodrigo Teixeira,joananascimento@example.net,2021-09-29,Rio,PI,B
78375,Nathan Oliveira,otavioviana@example.net,2023-12-05,sao Paulo,AP,C
10956,Bianca Peixoto,tnunes@example.com,2020-08-30,sao Paulo,GO,A
47585,Ana Lívia da Mata,gporto@example.com,2025-06-17,Belo Horizonte,MA,A
26401,Sra. Marina Monteiro,ceciliacunha@example.com,2023-02-10,Sao Paulo,AP,B
35377,João Felipe Novaes,anaferreira@example.com,2023-03-30,Sao Paulo,BA,A
38818,Enzo Ribeiro,ana-laurateixeira@example.net,2025-03-12,Maranhao,RR,C
57131,Nicole Cardoso,mouravicente@example.com,2021-07-22,São Paulo,AP,A
53596,Sra. Mariana Monteiro,goncalveseloah@example.org,2022-10-21,Maranhao,AM,B
67411,Benício Vieira,eloah79@example.org,2023-09-19,Goiania,PB,B
94151,Emanuella Rocha,raragao@example.com,2021-08-10,Goiania,PA,C
42104,Valentina Campos,luiz-miguelda-cunha@example.org,2022-09-28,Goiania,MT,B
16868,Thiago Costa,kevin84@example.com,2023-02-23,Curitiba,RS,B
27134,Natália Duarte,tfarias@example.org,2024-05-08,Sao Paulo,AP,B
40131,João Pedro Moura,novaesleticia@example.com,2025-02-10,Maranhao,RR,A
28042,Bruno Cardoso,sarah03@example.net,2024-04-15,sao Paulo,RS,A
32092,Clarice Melo,davialves@example.net,2023-10-10,Maranhao,DF,B
70484,Noah Nunes,brezende@example.com,2022-10-12,Goiania,SC,A
23965,Maitê Alves,ccardoso@example.com,2024-11-27,Rio de Janeiro,ES,C
90310,Daniel Nogueira,fogacabrenda@example.net,2021-12-15,Rio de Janeiro,MA,B
13128,Rebeca Fernandes,gustavosilveira@example.com,2023-04-12,Goiania,RR,B
27180,Fernando Nogueira,ana-carolina05@example.org,2020-12-08,Rio,RO,A
94091,Srta. Luiza Ribeiro,clarajesus@example.org,2023-09-17,Rio,MT,C
81374,Juan Gonçalves,emilly44@example.net,2020-10-26,Goiania,AL,B
59865,Luigi Pereira,vianaryan@example.net,2021-03-27,sao Paulo,MT,C
60455,Otávio Carvalho,luiz-henrique73@example.com,2022-03-17,Sao Paulo,RS,C
85489,Sr. Davi Lucas Barros,almeidabruna@example.com,2022-07-22,sao Paulo,SP,A
14887,Ana Vitória Carvalho,juliaferreira@example.org,2024-05-25,Maranhão,SE,C
63401,João Guilherme Moreira,piresnina@example.net,2021-05-06,Belo Horizonte,RJ,C
53414,Sr. Davi Costela,piresandre@example.net,2024-09-09,Goiânia,AL,B
97335,Dr. João Guilherme da Conceição,thiago64@example.com,2024-03-10,Sao Paulo,SE,C
46004,Ana Lívia Caldeira,natalianascimento@example.org,2020-11-01,Curitiba,PR,C
30054,Marcelo da Cruz,lucas-gabriel17@example.com,2025-07-02,Sao Paulo,PB,C
30068,João Pedro Rezende,paulonogueira@example.net,2021-06-04,Goiânia,RN,C
20587,João Pedro Almeida,brenolopes@example.com,2021-01-13,sao Paulo,TO,C
90514,Davi Luiz Fogaça,duartelarissa@example.net,2021-04-02,Rio,MS,B
85051,Sr. Benício Moura,luiz-fernando84@example.org,2021-10-25,Maranhão,CE,B
59217,Davi Luiz Fernandes,thomasbarros@example.org,2025-01-02,Sao Paulo,MS,A
82045,Gabriela Caldeira,nascimentolavinia@example.org,2020-09-21,Sao Paulo,AL,B
94577,Alice Costela,silvahelena@example.net,2024-06-18,Sao Paulo,DF,B
65503,João Miguel da Mota,malmeida@example.net,2023-05-10,sao Paulo,GO,B
60784,Mirella Vieira,araujocarlos-eduardo@example.com,2021-09-22,Maranhão,BA,A
94356,Luiz Henrique Duarte,csilveira@example.net,2024-03-15,Maranhao,RS,C
54532,Raquel Azevedo,vvieira@example.com,2022-01-18,Maranhao,DF,B
92929,João Miguel Aragão,maria-cecilia57@example.org,2023-02-03,Sao Paulo,SE,C
62629,Sr. João Gabriel da Rocha,stellamonteiro@example.org,2024-11-17,Maranhão,MA,A
11169,Fernanda da Conceição,arthurgoncalves@example.org,2022-04-24,Rio,SE,A
22513,Maria Luiza Ramos,jfernandes@example.org,2020-11-13,Belo Horizonte,MS,A
19778,Rebeca Teixeira,duartebianca@example.com,2025-06-05,Belo Horizonte,PE,B
41840,Nicolas Novaes,evelyn40@example.com,2020-11-17,sao Paulo,AL,B
63505,Ana Vitória Costa,vcostela@example.com,2020-09-30,Sao Paulo,ES,A
95075,Isabelly Pires,xteixeira@example.org,2024-11-19,sao Paulo,RS,B
93944,Kaique Moura,ubarbosa@example.org,2021-05-12,Goiania,RS,B
36676,Eloah Jesus,biancaramos@example.com,2025-01-09,Sao Paulo,BA,B
55712,Sr. Thales Moreira,hpeixoto@example.net,2021-06-27,sao Paulo,PB,B
15349,Anthony Carvalho,oliveiraemanuelly@example.net,2022-02-02,sao Paulo,AM,C
14702,João Guilherme da Costa,nuneshenrique@example.com,2024-03-07,Goiânia,MA,A
42901,Yago Vieira,fda-costa@example.org,2025-07-22,Rio,PR,A
66664,Dra. Alice Costa,xduarte@example.com,2023-04-04,sao Paulo,PA,B
60542,Dr. Bernardo Rocha,maria-claraporto@example.com,2022-10-18,sao Paulo,SC,C
83396,Otávio Costa,upereira@example.net,2023-11-28,São Paulo,TO,C
95920,Carlos Eduardo Cardoso,baraujo@example.net,2021-09-24,Curitiba,PE,B
19418,Mariane Fernandes,danilofernandes@example.com,2024-06-17,Goiânia,ES,C
23716,Yuri Rodrigues,araujomaria-cecilia@example.net,2025-04-24,Belo Horizonte,TO,C
82281,João Guilherme Araújo,talmeida@example.net,2025-04-20,São Paulo,PA,C
73496,Milena Santos,amandapereira@example.com,2024-12-15,Goiânia,RO,B
38160,Fernando Barros,maite25@example.net,2022-09-09,São Paulo,AP,B
95236,Ian da Mota,npires@example.net,2022-05-05,São Paulo,RR,B
22221,André da Mata,camposrafael@example.com,2021-02-11,sao Paulo,PR,C
59663,Dr. Joaquim Gomes,castrofrancisco@example.org,2024-09-23,Belo Horizonte,RN,C
76511,Clarice Gonçalves,danielasantos@example.net,2025-03-06,São Paulo,RR,B
97320,Samuel Castro,paulo49@example.net,2023-01-09,São Paulo,PR,C
51463,Dr. Guilherme Ramos,emanuella76@example.net,2023-06-03,Goiania,MG,B
93938,Luiza Pereira,luiz-felipeda-conceicao@example.org,2024-01-29,Goiânia,PE,A
60100,Leonardo Gonçalves,pereirajoao-vitor@example.net,2022-08-22,sao Paulo,DF,A
43738,Ana Clara Cavalcanti,nascimentorodrigo@example.net,2020-10-03,Sao Paulo,PE,B
87469,Marina Martins,lucas-gabriel31@example.net,2025-01-02,Rio de Janeiro,PB,B
50457,Noah Vieira,da-pazbreno@example.com,2022-04-27,sao Paulo,AC,B
15552,Theo Silveira,pedro-henrique94@example.net,2024-04-25,Curitiba,ES,B
27741,Clarice da Paz,cfogaca@example.com,2023-08-19,Goiania,AM,B
86220,Pietro Correia,luiz-miguel55@example.com,2023-01-03,Rio de Janeiro,RR,A
85878,Antônio Castro,alexia17@example.com,2023-07-11,São Paulo,AC,B
68313,Lucca Caldeira,upires@example.org,2021-06-24,Rio,BA,A
82904,Dr. André Nunes,pereirafrancisco@example.com,2022-08-18,Goiânia,MG,A
84855,Calebe Peixoto,ana-lauraoliveira@example.com,2021-05-23,sao Paulo,MS,C
32125,Marcela Vieira,santosalexandre@example.com,2025-06-01,Goiânia,SC,A
28098,Felipe Novaes,joao-miguel18@example.org,2021-03-02,Rio,SC,B
91784,Stephany Castro,nda-rosa@example.net,2024-07-24,Rio de Janeiro,PE,B
55412,Yuri Almeida,camposesther@example.net,2024-10-19,Rio de Janeiro,BA,B
70987,Mirella Lopes,yporto@example.net,2025-05-22,Goiânia,AL,A
18351,Luigi da Mota,luana77@example.com,2021-07-13,Rio,AP,B
20585,Gabrielly Cunha,maysanogueira@example.org,2022-06-04,sao Paulo,MT,A
37842,Pietra Campos,tcorreia@example.net,2023-05-14,Sao Paulo,CE,B
41319,André Almeida,enascimento@example.net,2021-05-28,Rio de Janeiro,TO,B
63451,Arthur Ramos,joanamartins@example.net,2021-12-24,Curitiba,ES,B
18172,Joana Martins,da-matacamila@example.com,2020-12-04,Sao Paulo,RR,C
11352,Ana Carolina Novaes,raquel32@example.com,2024-05-24,Rio,TO,C
52897,Srta. Maria Julia Sales,eribeiro@example.com,2021-03-20,Belo Horizonte,MA,B
64273,Daniel Nogueira,ana-julia58@example.net,2020-09-28,Rio de Janeiro,SP,C
84745,Beatriz Monteiro,ana-clara32@example.org,2021-04-27,Belo Horizonte,TO,C
80069,Noah Costela,eduarda18@example.com,2023-09-15,Maranhão,PI,B
80839,Daniela Nogueira,sarahda-mata@example.com,2023-02-24,sao Paulo,RR,A
33478,Sr. Alexandre Pinto,maria-cecilia49@example.org,2023-08-11,sao Paulo,RR,A
75387,Clara Almeida,dmoura@example.org,2025-07-02,Rio,RJ,B
78456,João Miguel Cardoso,da-cunhavitor-hugo@example.org,2023-11-15,Maranhão,AL,A
83030,Lorenzo Cardoso,lauracavalcanti@example.com,2025-03-01,São Paulo,SC,B
23624,Giovanna Rezende,dda-luz@example.com,2021-05-11,Goiania,MS,A
75122,João Gabriel Moreira,alexandre46@example.net,2022-03-16,Sao Paulo,PA,B
49968,Kaique Gonçalves,ydias@example.org,2023-12-17,Sao Paulo,PI,B
36097,Juan Moraes,joao-lucas09@example.net,2022-07-30,Belo Horizonte,PR,C
53894,Maria Cecília Porto,pietra46@example.com,2021-01-26,Sao Paulo,RJ,B
15419,Dr. Caio Barros,camposluiz-miguel@example.net,2022-05-13,sao Paulo,PR,C
55929,Thomas da Rocha,bferreira@example.org,2023-07-05,São Paulo,DF,B
33031,Maria Luiza Sales,sabrina33@example.org,2020-10-30,Goiânia,MT,B
80203,Ana Luiza Vieira,brenosantos@example.com,2024-09-18,Rio,SE,B
77512,Dra. Olivia da Paz,lucca54@example.com,2024-09-28,Belo Horizonte,SC,A
47815,Luiz Gustavo Souza,correialuiza@example.net,2024-08-11,Maranhão,AL,A
26914,Dr. Kevin Pires,rebeca14@example.net,2021-11-04,Sao Paulo,MT,C
45754,Francisco da Cunha,ana-carolinagoncalves@example.net,2022-12-23,Maranhao,AP,B
66805,Theo Silva,alexandrevieira@example.net,2024-06-01,Curitiba,AC,C
30161,Isadora Moraes,earagao@example.net,2022-09-22,Sao Paulo,MT,B
67181,Davi Lucas Pinto,msantos@example.org,2021-11-15,São Paulo,AP,B
36281,Luiz Fernando Ramos,qda-costa@example.org,2020-11-04,Curitiba,MT,A
93172,Theo da Cruz,larissa62@example.net,2022-01-08,sao Paulo,BA,A
20850,Igor Castro,vgomes@example.net,2025-03-05,Goiânia,MG,A
31722,Srta. Mariane Duarte,acosta@example.net,2024-05-08,Maranhão,GO,A
96002,Yasmin Rocha,tda-rosa@example.net,2023-02-18,Sao Paulo,PA,C
91090,Dr. Cauã Fogaça,giovannacastro@example.org,2022-04-19,Curitiba,SP,B
66027,Srta. Alice Vieira,brendacampos@example.org,2023-07-27,Sao Paulo,RO,B
85502,Daniela Rocha,henriquepires@example.com,2022-01-14,Maranhão,BA,B
70206,Maitê Moreira,isabella62@example.com,2025-05-06,Maranhao,MG,B
53162,Lorena Cunha,amandasales@example.org,2023-12-03,Maranhao,RR,C
76162,Dr. Vicente Fernandes,das-neveslucas@example.net,2021-03-02,Goiânia,PB,C
42320,Vitor Hugo Monteiro,wda-luz@example.com,2023-02-22,sao Paulo,SP,B
81049,Ana Vitória da Luz,gnogueira@example.org,2021-11-05,Rio de Janeiro,MT,A
63639,Sarah Cavalcanti,olopes@example.com,2020-11-07,Sao Paulo,AP,B
53697,Julia Monteiro,yasminpeixoto@example.net,2023-10-26,sao Paulo,ES,C
32984,Maria Julia Fernandes,caldeiraalexandre@example.com,2023-08-17,Curitiba,RJ,C
43382,Lorenzo Sales,knovaes@example.net,2021-05-10,Curitiba,RO,B
47320,Luiz Henrique da Mota,fcardoso@example.com,2023-05-03,Sao Paulo,RR,C
79437,Rodrigo Costa,knascimento@example.com,2022-03-03,São Paulo,MA,C
61151,Pedro Lucas Pereira,pintojulia@example.net,2024-07-26,Goiania,AM,C
14443,Luiz Felipe Araújo,catarina33@example.org,2024-11-19,Rio de Janeiro,GO,A
48483,Paulo da Paz,monteironicole@example.org,2023-09-23,São Paulo,AC,B
25426,Pedro Pereira,bduarte@example.org,2022-08-29,sao Paulo,PE,C
73662,Ana Clara Castro,heitorpeixoto@example.net,2023-01-31,São Paulo,AP,A
20453,Sophie Vieira,guilherme88@example.org,2023-01-10,Goiânia,PR,A
84943,João Vitor Moura,vnascimento@example.com,2025-03-15,sao Paulo,RJ,C
38320,Laura Monteiro,bcunha@example.net,2023-02-15,Goiania,MG,C
71128,Luiz Gustavo Cardoso,martinsian@example.com,2023-10-12,Belo Horizonte,TO,B
86591,Maria Eduarda Pires,ysales@example.org,2022-08-29,Belo Horizonte,RR,B
48300,Srta. Valentina Gonçalves,rcorreia@example.com,2020-11-01,Sao Paulo,MT,B
39011,Rodrigo Oliveira,vicente20@example.org,2022-08-13,Maranhao,MG,B
32272,Noah Silveira,andrecostela@example.org,2022-10-20,Goiania,PI,A
91103,Clara das Neves,ana-laura95@example.org,2021-12-06,Maranhao,AM,A
10200,Alana Fernandes,pcostela@example.org,2023-03-06,Maranhao,TO,C
12905,Daniel Vieira,da-cruzjoao-felipe@example.com,2021-03-05,Maranhão,DF,B
95173,Dra. Maitê Pires,xda-luz@example.org,2022-06-15,Maranhão,SC,A
58389,Kamilly Fogaça,vicente45@example.net,2021-03-30,Goiânia,BA,C
79530,Mariana Alves,peixotojoao-gabriel@example.com,2021-10-21,Curitiba,PA,B
68959,Isabel da Cruz,correiamarina@example.com,2023-06-15,Rio,SC,A
48139,Dr. João Fogaça,sarah21@example.com,2025-02-19,Curitiba,MT,A
59226,Lucca Alves,lucca79@example.org,2024-02-01,São Paulo,RO,A
67531,Luiz Gustavo da Conceição,tda-cunha@example.org,2025-07-05,Belo Horizonte,AP,A
50197,Emilly da Conceição,alana79@example.net,2025-06-20,Belo Horizonte,RR,C
79499,Vitor Araújo,melissa32@example.net,2023-05-07,Maranhao,AM,B
77778,Carolina da Mota,amanda78@example.net,2022-04-14,sao Paulo,RO,A
72317,Raquel Fogaça,mariapires@example.com,2021-04-25,Maranhão,GO,A
25757,Elisa Rezende,manuelapereira@example.org,2020-10-26,Belo Horizonte,RR,C
41447,Fernanda Novaes,ferreiradavi-lucca@example.com,2024-07-27,sao Paulo,CE,A
70126,Anthony Monteiro,mariarezende@example.net,2023-08-14,sao Paulo,AC,C
69650,Gabriel Cunha,benjaminaraujo@example.org,2025-03-08,Goiânia,CE,B
68325,Olivia das Neves,danilonascimento@example.org,2024-09-06,São Paulo,AM,B
43334,Srta. Milena Rocha,hmoura@example.com,2025-04-11,Maranhao,PA,C
92557,Dra. Bruna Barros,hmendes@example.org,2022-08-19,Maranhao,RS,C
88294,Lívia da Costa,emilly31@example.com,2021-12-23,sao Paulo,MT,B
42210,Laura Nogueira,mariadias@example.org,2022-11-29,Belo Horizonte,ES,B
30663,João Miguel Silva,joao-lucasda-mota@example.org,2022-01-01,Sao Paulo,ES,C
98647,Heitor Ferreira,oramos@example.com,2022-09-09,Curitiba,AP,C
42359,João Lucas da Cunha,davi-luccada-rosa@example.org,2023-06-08,Belo Horizonte,RJ,A
65579,Bruna Ramos,sribeiro@example.com,2020-08-26,Maranhão,AP,A
47519,Pedro Lucas Monteiro,carlos-eduardoda-mota@example.net,2023-11-21,sao Paulo,ES,C
62545,Cecília Novaes,elisacaldeira@example.org,2024-06-16,Belo Horizonte,RR,A
90258,Stephany Monteiro,barbaracardoso@example.net,2025-04-27,sao Paulo,AC,B
21339,Anthony Rocha,mnovaes@example.net,2024-12-09,Rio de Janeiro,RO,A
48788,Gustavo Henrique Pereira,wpires@example.net,2022-02-16,sao Paulo,RR,B
64616,Igor Viana,levi01@example.net,2021-01-15,sao Paulo,DF,B
19966,Isaac Dias,lorena32@example.net,2023-10-22,Maranhao,MA,C
39788,Ana Vitória Carvalho,jrezende@example.com,2025-06-20,Sao Paulo,AL,B
98813,Augusto Cunha,emillysouza@example.org,2024-08-27,Maranhão,PB,A
25268,Luigi Peixoto,sophiada-luz@example.net,2022-02-21,Rio,PA,C
99953,Dr. Kaique Moreira,maiteda-mota@example.org,2025-07-22,Belo Horizonte,RN,C
59917,Henrique Gonçalves,nalves@example.net,2023-01-21,sao Paulo,RR,C
51532,Clara Moraes,maria-alice24@example.com,2024-08-05,sao Paulo,MS,A
86790,Ana Júlia Santos,oliveiraolivia@example.com,2025-03-22,Curitiba,SP,A
85257,Ana Luiza Cavalcanti,cvieira@example.com,2025-05-21,Rio de Janeiro,AM,A
65984,Heitor Azevedo,davi-lucas20@example.org,2020-12-04,sao Paulo,PR,A
37624,Sr. Luiz Gustavo Azevedo,da-matarafaela@example.com,2023-04-12,Rio de Janeiro,AM,B
10197,Srta. Emanuella Lima,maria-sophiaaraujo@example.net,2020-10-05,sao Paulo,SP,A
55183,Luiz Fernando Cardoso,beniciorocha@example.org,2024-02-22,Belo Horizonte,PI,B
70687,Dr. Luiz Otávio Viana,xcunha@example.org,2023-09-14,sao Paulo,MG,C
72829,Isabelly da Mota,das-nevesluigi@example.net,2023-10-17,sao Paulo,PA,A
18491,Ana Lívia Melo,raul24@example.com,2021-06-21,Goiania,SP,A
49235,Maria Luiza Sales,jfreitas@example.org,2021-10-14,Maranhão,RJ,C
46008,Leandro Araújo,pintojoao-pedro@example.org,2021-01-18,Curitiba,PB,B
65430,Dra. Isadora da Cruz,fda-mota@example.org,2024-01-19,Belo Horizonte,ES,B
68171,Caroline Lopes,mendesjoana@example.org,2023-07-24,sao Paulo,AM,B
98640,Amanda Barbosa,diogo08@example.com,2023-11-22,Sao Paulo,MT,A
64548,Srta. Beatriz Nascimento,lunasilveira@example.org,2020-12-22,sao Paulo,PE,A
11413,Mariana Pires,theo11@example.com,2023-03-22,Rio de Janeiro,PR,B
72579,Dra. Sarah da Rosa,leonardomonteiro@example.net,2024-04-30,Goiania,AM,C
70652,Pedro Miguel Campos,da-motabenicio@example.com,2021-10-13,sao Paulo,RN,A
45947,Thomas Campos,fsales@example.org,2022-07-18,Sao Paulo,GO,A
56212,Valentina Barros,esther47@example.net,2024-05-30,Rio de Janeiro,AM,B
95593,Esther Moreira,salesleticia@example.net,2024-09-06,Rio de Janeiro,PB,C
87265,Lucca Caldeira,milenacardoso@example.org,2025-05-29,sao Paulo,GO,A
22772,Vitor Hugo Aragão,daniel14@example.net,2020-12-18,sao Paulo,DF,B
27959,Mirella Vieira,heloisa00@example.net,2023-01-12,Sao Paulo,AL,C
57438,Leandro Alves,da-rochamaite@example.net,2023-04-07,sao Paulo,AC,B
65837,Pedro Ramos,enzoalves@example.net,2025-06-02,Goiânia,TO,A
27742,Cauã Souza,raquelaraujo@example.net,2025-06-03,Goiania,RS,C
85418,Davi Lucca Pinto,caldeiranicole@example.net,2022-03-18,sao Paulo,AL,A
97013,Dr. João Miguel Dias,davi-lucasteixeira@example.net,2022-03-04,Curitiba,PB,B
27371,João Gabriel Oliveira,osilva@example.org,2024-03-06,Maranhao,RR,B
22792,Esther Gonçalves,manuelaporto@example.net,2022-03-14,Goiania,RR,B
47578,Murilo Cardoso,raul03@example.com,2023-12-03,São Paulo,TO,A
53281,Raquel da Rocha,kda-mota@example.net,2021-08-10,Belo Horizonte,MT,B
36678,Sra. Eduarda Barros,luna83@example.net,2023-04-26,Curitiba,DF,A
77251,Vitor Hugo Caldeira,leonardonovaes@example.com,2023-06-15,Curitiba,SE,C
17094,Sra. Bárbara Silveira,juan02@example.com,2024-04-15,Sao Paulo,SC,C
76403,Sr. Enzo Gabriel Lopes,pedroda-mata@example.net,2021-05-02,Curitiba,PE,B
78767,Stephany Melo,da-rosavicente@example.net,2023-04-12,São Paulo,AC,B
75389,Yago Silveira,pereiramaria-vitoria@example.org,2023-05-12,Goiânia,RR,B
63822,Sra. Luana Cunha,jnogueira@example.com,2022-02-18,Sao Paulo,MA,C
69900,Noah Costela,xpinto@example.org,2022-09-12,Belo Horizonte,RJ,C
74424,Maria Barbosa,raulpires@example.com,2023-03-24,Sao Paulo,AL,B
22270,João Melo,gustavo-henriqueda-cunha@example.net,2022-05-14,sao Paulo,RS,C
96102,Lorena Nogueira,brenoda-mota@example.org,2021-07-29,Goiânia,SE,B
79094,Dra. Melissa Rodrigues,pedro09@example.org,2021-01-09,Belo Horizonte,ES,B
14015,Dr. Emanuel Pereira,laura83@example.org,2020-07-29,Sao Paulo,RR,B
58268,Caroline Ferreira,biancapereira@example.com,2020-08-09,Sao Paulo,BA,A
37181,Emilly Castro,fnovaes@example.com,2022-06-25,Rio de Janeiro,RS,A
33125,Emanuella Campos,ana-juliateixeira@example.org,2024-07-08,Maranhao,DF,A
82066,Larissa Almeida,alvesluiz-gustavo@example.org,2023-07-10,São Paulo,ES,A
61852,Pedro Lucas da Paz,fda-luz@example.org,2025-01-09,Sao Paulo,AC,B
67928,Sofia Viana,xmoraes@example.org,2020-12-23,Goiânia,RN,A
50627,Raul Aragão,emanuella94@example.net,2021-12-13,Rio,PR,C
41431,Bruna Fernandes,alana24@example.com,2025-06-21,Rio de Janeiro,TO,C
79121,Dra. Maria Julia Ferreira,costamurilo@example.org,2024-05-05,sao Paulo,RS,B
32917,Maysa Almeida,fogacamaysa@example.org,2021-07-05,São Paulo,RJ,B
66471,Dra. Isis Lopes,erodrigues@example.com,2021-08-21,sao Paulo,DF,C
51537,Igor Costa,luiz-fernandosantos@example.com,2022-02-11,Maranhão,MS,C
73890,Milena Alves,yasminfogaca@example.org,2024-10-06,sao Paulo,PE,B
87990,Bruno Moreira,camilada-paz@example.org,2022-09-25,Sao Paulo,MT,B
10780,Emanuelly da Rocha,vfreitas@example.net,2025-02-12,sao Paulo,CE,A
71591,Francisco da Cunha,lucca16@example.com,2021-09-12,Belo Horizonte,RN,B
23045,Juliana Ferreira,theo18@example.net,2020-12-04,São Paulo,TO,C
47986,Sra. Emanuelly Viana,ugomes@example.com,2025-03-10,Rio,AP,A
70757,Lucca da Rocha,dda-costa@example.com,2022-08-29,Goiânia,AP,C
53957,Srta. Maitê da Costa,da-mataevelyn@example.net,2023-09-17,São Paulo,SP,A
90102,Sabrina Viana,lais78@example.org,2022-12-07,Goiânia,ES,B
58234,Pedro Ramos,alana42@example.com,2023-01-07,Rio de Janeiro,MG,C
79234,Benício Azevedo,maria-luizapereira@example.org,2021-02-04,sao Paulo,MA,B
95213,Dr. Bryan Caldeira,kamillycorreia@example.org,2025-02-20,Belo Horizonte,ES,B
88562,Sra. Clarice Ferreira,maitearaujo@example.com,2024-06-17,Curitiba,MG,A
50380,Lavínia Lopes,wfernandes@example.org,2023-01-03,Sao Paulo,SC,A
99119,Joaquim Martins,tda-cruz@example.com,2020-10-21,Maranhao,MT,B
57433,Renan Almeida,camposlorenzo@example.net,2023-08-06,sao Paulo,RN,C
32520,Srta. Maria Sophia Campos,ggoncalves@example.org,2024-05-26,sao Paulo,AM,B
79761,Francisco Cardoso,anthonycorreia@example.org,2022-01-20,Curitiba,AP,A
49398,Dra. Júlia Ribeiro,sophiacastro@example.net,2022-05-30,sao Paulo,PR,A
61858,Gabrielly Araújo,qcastro@example.org,2022-06-11,São Paulo,AM,C
80906,Stella Lopes,toliveira@example.net,2024-02-14,Maranhao,RN,B
31163,Sr. Rodrigo Freitas,alexiapereira@example.net,2023-01-09,São Paulo,PI,A
63936,Leandro Vieira,beatrizgoncalves@example.com,2023-09-09,Maranhão,SP,C
83382,Emanuel Duarte,eduardo10@example.org,2021-07-26,Rio,MG,C
64819,Ana Clara Peixoto,juliana26@example.com,2023-06-07,sao Paulo,PR,C
57719,Rebeca da Luz,joao-miguelmoura@example.com,2020-12-29,Rio de Janeiro,BA,A
50986,Sabrina Melo,tporto@example.com,2024-10-28,sao Paulo,PB,A
36915,Maria Vitória Monteiro,laisalves@example.com,2023-04-08,Goiania,GO,A
89964,Cauã Peixoto,davi-luiz64@example.net,2022-11-12,Curitiba,AP,C
42912,Dra. Ana Júlia Pinto,aragaocaue@example.com,2024-03-21,Sao Paulo,MS,C
75648,Bruno da Costa,das-nevesheitor@example.net,2024-08-05,sao Paulo,RO,C
67310,Enrico da Costa,ana-sophiagoncalves@example.com,2025-01-11,Maranhão,PE,A
64101,Helena Azevedo,thiago91@example.com,2022-01-04,Curitiba,SE,C
37978,Davi da Luz,dpeixoto@example.com,2023-07-16,São Paulo,SC,C
42382,Raquel Jesus,rodrigo06@example.com,2022-03-29,Sao Paulo,AM,B
27423,Rafaela Oliveira,icostela@example.org,2025-06-18,Maranhao,PA,B
68495,Yuri Lopes,lopesgabriela@example.org,2025-01-04,Belo Horizonte,MT,B
32492,Rafael Barbosa,monteiroana-sophia@example.com,2024-01-17,Curitiba,SP,C
13346,Joana Jesus,joao-miguelfarias@example.com,2023-01-30,Rio,MS,A
18539,Maria Fernanda Melo,vnunes@example.com,2024-04-16,Maranhão,SC,B
83978,Dra. Yasmin Fogaça,danielmoreira@example.com,2022-03-31,Sao Paulo,RO,B
83748,Leonardo Nogueira,camila31@example.com,2024-12-21,Curitiba,RO,B
30930,Mirella Moraes,joao-lucas87@example.com,2021-12-18,Maranhao,MA,A
55162,Dr. Diego Rezende,paulo32@example.org,2021-02-01,Sao Paulo,PI,B
77098,Caroline Lima,melissa17@example.net,2021-05-29,Goiania,MT,A
22314,Vitor Gabriel Caldeira,thomasazevedo@example.com,2023-01-22,Goiânia,PA,C
71757,Sra. Olivia Martins,maria-sophia83@example.com,2022-01-05,Goiânia,GO,C
41583,Clara Pinto,maysajesus@example.net,2023-01-21,Maranhão,AP,C
18626,Sr. Gustavo Henrique Monteiro,mouralorenzo@example.net,2020-08-11,São Paulo,SP,A
24371,Dr. Marcelo Martins,uda-rosa@example.net,2023-06-10,Maranhao,RJ,C
67292,Eloah Moura,vcunha@example.com,2024-01-05,sao Paulo,AC,C
63685,Marina Silva,azevedodaniel@example.com,2024-08-13,sao Paulo,DF,B
77082,Lucca Fernandes,ssouza@example.net,2021-12-29,Maranhão,AC,A
53199,Enrico Oliveira,maria-juliada-costa@example.com,2020-08-14,sao Paulo,PI,C
78605,Sra. Emanuella Rodrigues,murilo53@example.com,2024-09-14,Rio de Janeiro,PB,B
74297,Dr. Erick Jesus,sofiadias@example.org,2025-07-10,Maranhao,AP,B
97159,Maitê Duarte,araujovitor@example.net,2020-11-13,Sao Paulo,SE,C
45637,Ryan Costela,almeidajoao-pedro@example.org,2021-01-12,Curitiba,AL,A
87326,Amanda Lima,pereiralorena@example.org,2022-04-15,sao Paulo,PA,C
38313,Gabriel Vieira,arthur83@example.com,2024-03-27,Maranhão,MT,B
29527,Srta. Laura Duarte,ifogaca@example.org,2022-04-07,Goiania,PI,C
93295,Ana Beatriz das Neves,pereirarenan@example.net,2021-08-19,São Paulo,RR,C
66424,Catarina Mendes,das-nevesmariana@example.com,2021-02-26,Sao Paulo,GO,C
57872,Thomas Nascimento,vianabernardo@example.com,2022-08-23,sao Paulo,DF,B
88306,Marcelo Ferreira,gabrielly98@example.net,2021-03-06,São Paulo,PA,B
98766,Davi Luiz Martins,maysasales@example.org,2022-03-29,sao Paulo,MT,A
95706,João Felipe Lopes,rcastro@example.org,2021-07-10,Maranhão,RO,A
61776,João Pedro Carvalho,daniel85@example.com,2023-01-24,sao Paulo,MA,A
89240,Beatriz Gomes,zpeixoto@example.net,2021-07-22,Maranhao,GO,B
26751,Renan da Mota,maria-cecilia98@example.org,2022-12-08,sao Paulo,AL,A
49088,Maria Luiza Carvalho,moraesfernando@example.org,2021-04-11,Rio,PR,A
30501,Ana Sophia da Rosa,joao-felipeteixeira@example.org,2021-12-25,Belo Horizonte,DF,C
38222,Marcos Vinicius Teixeira,gabrielada-paz@example.com,2024-01-31,Rio de Janeiro,RS,C
95028,Diogo Cardoso,smendes@example.com,2023-06-23,sao Paulo,MS,A
48063,Sabrina Rocha,kviana@example.org,2023-12-07,Rio,RO,B
91108,Leandro Pereira,lucca34@example.net,2021-05-04,Maranhão,RJ,C
66222,Matheus Duarte,pietronogueira@example.net,2024-05-11,Curitiba,AC,A
46102,André Rodrigues,mouralivia@example.com,2024-03-31,Rio de Janeiro,GO,B
82030,Cauã Silva,nicole47@example.net,2024-09-07,São Paulo,PE,A
14727,Vitor Gabriel Oliveira,joaquimmendes@example.com,2021-11-11,Curitiba,AL,A
21160,Vitor Gabriel Cardoso,luiz-gustavoporto@example.com,2021-11-27,sao Paulo,RO,A
33562,Dr. João Felipe da Costa,zdas-neves@example.org,2023-09-27,Rio de Janeiro,PA,C
67377,Levi Dias,hnascimento@example.org,2022-03-02,sao Paulo,TO,C
13973,Yasmin Souza,elisada-conceicao@example.net,2023-02-21,Rio de Janeiro,RR,A
